Fecha;mes;feriado;dia_semana;previo_feriado;sandwich;fds_largo;dia previo fds largo;dias_despues_feriado_largo
01-01-2015;1;1;4;0;0;4;0;0
02-01-2015;1;0;5;0;1;4;0;0
03-01-2015;1;0;6;0;0;4;0;0
04-01-2015;1;0;7;0;0;4;0;0
05-01-2015;1;0;1;0;0;0;0;1
06-01-2015;1;0;2;0;0;0;0;2
07-01-2015;1;0;3;0;0;0;0;0
08-01-2015;1;0;4;0;0;0;0;0
09-01-2015;1;0;5;0;0;0;0;0
10-01-2015;1;0;6;0;0;2;0;0
11-01-2015;1;0;7;0;0;2;0;0
12-01-2015;1;0;1;0;0;0;0;0
13-01-2015;1;0;2;0;0;0;0;0
14-01-2015;1;0;3;0;0;0;0;0
15-01-2015;1;0;4;0;0;0;0;0
16-01-2015;1;0;5;0;0;0;0;0
17-01-2015;1;0;6;0;0;2;0;0
18-01-2015;1;0;7;0;0;2;0;0
19-01-2015;1;0;1;0;0;0;0;0
20-01-2015;1;0;2;0;0;0;0;0
21-01-2015;1;0;3;0;0;0;0;0
22-01-2015;1;0;4;0;0;0;0;0
23-01-2015;1;0;5;0;0;0;0;0
24-01-2015;1;0;6;0;0;2;0;0
25-01-2015;1;0;7;0;0;2;0;0
26-01-2015;1;0;1;0;0;0;0;0
27-01-2015;1;0;2;0;0;0;0;0
28-01-2015;1;0;3;0;0;0;0;0
29-01-2015;1;0;4;0;0;0;0;0
30-01-2015;1;0;5;0;0;0;0;0
31-01-2015;1;0;6;0;0;2;0;0
01-02-2015;2;0;7;0;0;2;0;0
02-02-2015;2;0;1;0;0;0;0;0
03-02-2015;2;0;2;0;0;0;0;0
04-02-2015;2;0;3;0;0;0;0;0
05-02-2015;2;0;4;0;0;0;0;0
06-02-2015;2;0;5;0;0;0;0;0
07-02-2015;2;0;6;0;0;2;0;0
08-02-2015;2;0;7;0;0;2;0;0
09-02-2015;2;0;1;0;0;0;0;0
10-02-2015;2;0;2;0;0;0;0;0
11-02-2015;2;0;3;0;0;0;0;0
12-02-2015;2;0;4;0;0;0;0;0
13-02-2015;2;0;5;0;0;0;0;0
14-02-2015;2;0;6;0;0;2;0;0
15-02-2015;2;0;7;0;0;2;0;0
16-02-2015;2;0;1;0;0;0;0;0
17-02-2015;2;0;2;0;0;0;0;0
18-02-2015;2;0;3;0;0;0;0;0
19-02-2015;2;0;4;0;0;0;0;0
20-02-2015;2;0;5;0;0;0;0;0
21-02-2015;2;0;6;0;0;2;0;0
22-02-2015;2;0;7;0;0;2;0;0
23-02-2015;2;0;1;0;0;0;0;0
24-02-2015;2;0;2;0;0;0;0;0
25-02-2015;2;0;3;0;0;0;0;0
26-02-2015;2;0;4;0;0;0;0;0
27-02-2015;2;0;5;0;0;0;0;0
28-02-2015;2;0;6;0;0;2;0;0
01-03-2015;3;0;7;0;0;2;0;0
02-03-2015;3;0;1;0;0;0;0;0
03-03-2015;3;0;2;0;0;0;0;0
04-03-2015;3;0;3;0;0;0;0;0
05-03-2015;3;0;4;0;0;0;0;0
06-03-2015;3;0;5;0;0;0;0;0
07-03-2015;3;0;6;0;0;2;0;0
08-03-2015;3;0;7;0;0;2;0;0
09-03-2015;3;0;1;0;0;0;0;0
10-03-2015;3;0;2;0;0;0;0;0
11-03-2015;3;0;3;0;0;0;0;0
12-03-2015;3;0;4;0;0;0;0;0
13-03-2015;3;0;5;0;0;0;0;0
14-03-2015;3;0;6;0;0;2;0;0
15-03-2015;3;0;7;0;0;2;0;0
16-03-2015;3;0;1;0;0;0;0;0
17-03-2015;3;0;2;0;0;0;0;0
18-03-2015;3;0;3;0;0;0;0;0
19-03-2015;3;0;4;0;0;0;0;0
20-03-2015;3;0;5;0;0;0;0;0
21-03-2015;3;0;6;0;0;2;0;0
22-03-2015;3;0;7;0;0;2;0;0
23-03-2015;3;0;1;0;0;0;0;0
24-03-2015;3;0;2;0;0;0;0;0
25-03-2015;3;0;3;0;0;0;0;0
26-03-2015;3;0;4;0;0;0;0;0
27-03-2015;3;0;5;0;0;0;0;0
28-03-2015;3;0;6;0;0;2;0;0
29-03-2015;3;0;7;0;0;2;0;0
30-03-2015;3;0;1;0;0;0;0;0
31-03-2015;3;0;2;0;0;0;0;0
01-04-2015;4;0;3;0;0;0;0;0
02-04-2015;4;0;4;1;0;0;3;0
03-04-2015;4;1;5;1;0;3;0;0
04-04-2015;4;1;6;0;0;3;0;0
05-04-2015;4;0;7;0;0;3;0;0
06-04-2015;4;0;1;0;0;0;0;0
07-04-2015;4;0;2;0;0;0;0;0
08-04-2015;4;0;3;0;0;0;0;0
09-04-2015;4;0;4;0;0;0;0;0
10-04-2015;4;0;5;0;0;0;0;0
11-04-2015;4;0;6;0;0;2;0;0
12-04-2015;4;0;7;0;0;2;0;0
13-04-2015;4;0;1;0;0;0;0;0
14-04-2015;4;0;2;0;0;0;0;0
15-04-2015;4;0;3;0;0;0;0;0
16-04-2015;4;0;4;0;0;0;0;0
17-04-2015;4;0;5;0;0;0;0;0
18-04-2015;4;0;6;0;0;2;0;0
19-04-2015;4;0;7;0;0;2;0;0
20-04-2015;4;0;1;0;0;0;0;0
21-04-2015;4;0;2;0;0;0;0;0
22-04-2015;4;0;3;0;0;0;0;0
23-04-2015;4;0;4;0;0;0;0;0
24-04-2015;4;0;5;0;0;0;0;0
25-04-2015;4;0;6;0;0;2;0;0
26-04-2015;4;0;7;0;0;2;0;0
27-04-2015;4;0;1;0;0;0;0;0
28-04-2015;4;0;2;0;0;0;0;0
29-04-2015;4;0;3;0;0;0;0;0
30-04-2015;4;0;4;1;0;0;3;0
01-05-2015;5;1;5;0;0;3;0;0
02-05-2015;5;0;6;0;0;3;0;0
03-05-2015;5;0;7;0;0;3;0;0
04-05-2015;5;0;1;0;0;0;0;0
05-05-2015;5;0;2;0;0;0;0;0
06-05-2015;5;0;3;0;0;0;0;0
07-05-2015;5;0;4;0;0;0;0;0
08-05-2015;5;0;5;0;0;0;0;0
09-05-2015;5;0;6;0;0;2;0;0
10-05-2015;5;0;7;0;0;2;0;0
11-05-2015;5;0;1;0;0;0;0;0
12-05-2015;5;0;2;0;0;0;0;0
13-05-2015;5;0;3;0;0;0;0;0
14-05-2015;5;0;4;0;0;0;0;0
15-05-2015;5;0;5;0;0;0;0;0
16-05-2015;5;0;6;0;0;2;0;0
17-05-2015;5;0;7;0;0;2;0;0
18-05-2015;5;0;1;0;0;0;0;0
19-05-2015;5;0;2;0;0;0;0;0
20-05-2015;5;0;3;1;0;0;4;0
21-05-2015;5;1;4;0;0;4;0;0
22-05-2015;5;0;5;0;1;4;0;0
23-05-2015;5;0;6;0;0;4;0;0
24-05-2015;5;0;7;0;0;4;0;0
25-05-2015;5;0;1;0;0;0;0;1
26-05-2015;5;0;2;0;0;0;0;2
27-05-2015;5;0;3;0;0;0;0;0
28-05-2015;5;0;4;0;0;0;0;0
29-05-2015;5;0;5;0;0;0;0;0
30-05-2015;5;0;6;0;0;2;0;0
31-05-2015;5;0;7;0;0;2;0;0
01-06-2015;6;0;1;0;0;0;0;0
02-06-2015;6;0;2;0;0;0;0;0
03-06-2015;6;0;3;0;0;0;0;0
04-06-2015;6;0;4;0;0;0;0;0
05-06-2015;6;0;5;0;0;0;0;0
06-06-2015;6;0;6;0;0;2;0;0
07-06-2015;6;0;7;0;0;2;0;0
08-06-2015;6;0;1;0;0;0;0;0
09-06-2015;6;0;2;0;0;0;0;0
10-06-2015;6;0;3;0;0;0;0;0
11-06-2015;6;0;4;0;0;0;0;0
12-06-2015;6;0;5;0;0;0;0;0
13-06-2015;6;0;6;0;0;2;0;0
14-06-2015;6;0;7;0;0;2;0;0
15-06-2015;6;0;1;0;0;0;0;0
16-06-2015;6;0;2;0;0;0;0;0
17-06-2015;6;0;3;0;0;0;0;0
18-06-2015;6;0;4;0;0;0;0;0
19-06-2015;6;0;5;0;0;0;0;0
20-06-2015;6;0;6;0;0;2;0;0
21-06-2015;6;0;7;0;0;2;0;0
22-06-2015;6;0;1;0;0;0;0;0
23-06-2015;6;0;2;0;0;0;0;0
24-06-2015;6;0;3;0;0;0;0;0
25-06-2015;6;0;4;0;0;0;0;0
26-06-2015;6;0;5;0;0;0;3;0
27-06-2015;6;0;6;0;0;3;0;0
28-06-2015;6;0;7;1;0;3;0;0
29-06-2015;6;1;1;0;0;3;0;0
30-06-2015;6;0;2;0;0;0;0;0
01-07-2015;7;0;3;0;0;0;0;0
02-07-2015;7;0;4;0;0;0;0;0
03-07-2015;7;0;5;0;0;0;0;0
04-07-2015;7;0;6;0;0;2;0;0
05-07-2015;7;0;7;0;0;2;0;0
06-07-2015;7;0;1;0;0;0;0;0
07-07-2015;7;0;2;0;0;0;0;0
08-07-2015;7;0;3;0;0;0;0;0
09-07-2015;7;0;4;0;0;0;0;0
10-07-2015;7;0;5;0;0;0;0;0
11-07-2015;7;0;6;0;0;2;0;0
12-07-2015;7;0;7;0;0;2;0;0
13-07-2015;7;0;1;0;0;0;0;0
14-07-2015;7;0;2;0;0;0;0;0
15-07-2015;7;0;3;1;0;0;4;0
16-07-2015;7;1;4;0;0;4;0;0
17-07-2015;7;0;5;0;1;4;0;0
18-07-2015;7;0;6;0;0;4;0;0
19-07-2015;7;0;7;0;0;4;0;0
20-07-2015;7;0;1;0;0;0;0;1
21-07-2015;7;0;2;0;0;0;0;2
22-07-2015;7;0;3;0;0;0;0;0
23-07-2015;7;0;4;0;0;0;0;0
24-07-2015;7;0;5;0;0;0;0;0
25-07-2015;7;0;6;0;0;2;0;0
26-07-2015;7;0;7;0;0;2;0;0
27-07-2015;7;0;1;0;0;0;0;0
28-07-2015;7;0;2;0;0;0;0;0
29-07-2015;7;0;3;0;0;0;0;0
30-07-2015;7;0;4;0;0;0;0;0
31-07-2015;7;0;5;0;0;0;0;0
01-08-2015;8;0;6;0;0;2;0;0
02-08-2015;8;0;7;0;0;2;0;0
03-08-2015;8;0;1;0;0;0;0;0
04-08-2015;8;0;2;0;0;0;0;0
05-08-2015;8;0;3;0;0;0;0;0
06-08-2015;8;0;4;0;0;0;0;0
07-08-2015;8;0;5;0;0;0;0;0
08-08-2015;8;0;6;0;0;2;0;0
09-08-2015;8;0;7;0;0;2;0;0
10-08-2015;8;0;1;0;0;0;0;0
11-08-2015;8;0;2;0;0;0;0;0
12-08-2015;8;0;3;0;0;0;0;0
13-08-2015;8;0;4;0;0;0;0;0
14-08-2015;8;0;5;1;0;0;0;0
15-08-2015;8;1;6;0;0;2;0;0
16-08-2015;8;0;7;0;0;2;0;0
17-08-2015;8;0;1;0;0;0;0;0
18-08-2015;8;0;2;0;0;0;0;0
19-08-2015;8;0;3;0;0;0;0;0
20-08-2015;8;0;4;0;0;0;0;0
21-08-2015;8;0;5;0;0;0;0;0
22-08-2015;8;0;6;0;0;2;0;0
23-08-2015;8;0;7;0;0;2;0;0
24-08-2015;8;0;1;0;0;0;0;0
25-08-2015;8;0;2;0;0;0;0;0
26-08-2015;8;0;3;0;0;0;0;0
27-08-2015;8;0;4;0;0;0;0;0
28-08-2015;8;0;5;0;0;0;0;0
29-08-2015;8;0;6;0;0;2;0;0
30-08-2015;8;0;7;0;0;2;0;0
31-08-2015;8;0;1;0;0;0;0;0
01-09-2015;9;0;2;0;0;0;0;0
02-09-2015;9;0;3;0;0;0;0;0
03-09-2015;9;0;4;0;0;0;0;0
04-09-2015;9;0;5;0;0;0;0;0
05-09-2015;9;0;6;0;0;2;0;0
06-09-2015;9;0;7;0;0;2;0;0
07-09-2015;9;0;1;0;0;0;0;0
08-09-2015;9;0;2;0;0;0;0;0
09-09-2015;9;0;3;0;0;0;0;0
10-09-2015;9;0;4;0;0;0;0;0
11-09-2015;9;0;5;0;0;0;0;0
12-09-2015;9;0;6;0;0;2;0;0
13-09-2015;9;0;7;0;0;2;0;0
14-09-2015;9;0;1;0;0;0;0;0
15-09-2015;9;0;2;0;0;0;0;0
16-09-2015;9;0;3;0;0;0;0;0
17-09-2015;9;0;4;1;0;0;3;0
18-09-2015;9;1;5;1;0;3;0;0
19-09-2015;9;1;6;0;0;3;0;0
20-09-2015;9;0;7;0;0;3;0;0
21-09-2015;9;0;1;0;0;0;0;0
22-09-2015;9;0;2;0;0;0;0;0
23-09-2015;9;0;3;0;0;0;0;0
24-09-2015;9;0;4;0;0;0;0;0
25-09-2015;9;0;5;0;0;0;0;0
26-09-2015;9;0;6;0;0;2;0;0
27-09-2015;9;0;7;0;0;2;0;0
28-09-2015;9;0;1;0;0;0;0;0
29-09-2015;9;0;2;0;0;0;0;0
30-09-2015;9;0;3;0;0;0;0;0
01-10-2015;10;0;4;0;0;0;0;0
02-10-2015;10;0;5;0;0;0;0;0
03-10-2015;10;0;6;0;0;2;0;0
04-10-2015;10;0;7;0;0;2;0;0
05-10-2015;10;0;1;0;0;0;0;0
06-10-2015;10;0;2;0;0;0;0;0
07-10-2015;10;0;3;0;0;0;0;0
08-10-2015;10;0;4;0;0;0;0;0
09-10-2015;10;0;5;0;0;0;3;0
10-10-2015;10;0;6;0;0;3;0;0
11-10-2015;10;0;7;1;0;3;0;0
12-10-2015;10;1;1;0;0;3;0;0
13-10-2015;10;0;2;0;0;0;0;1
14-10-2015;10;0;3;0;0;0;0;2
15-10-2015;10;0;4;0;0;0;0;0
16-10-2015;10;0;5;0;0;0;0;0
17-10-2015;10;0;6;0;0;2;0;0
18-10-2015;10;0;7;0;0;2;0;0
19-10-2015;10;0;1;0;0;0;0;0
20-10-2015;10;0;2;0;0;0;0;0
21-10-2015;10;0;3;0;0;0;0;0
22-10-2015;10;0;4;0;0;0;0;0
23-10-2015;10;0;5;0;0;0;0;0
24-10-2015;10;0;6;0;0;2;0;0
25-10-2015;10;0;7;0;0;2;0;0
26-10-2015;10;0;1;0;0;0;0;0
27-10-2015;10;0;2;0;0;0;0;0
28-10-2015;10;0;3;0;0;0;0;0
29-10-2015;10;0;4;0;0;0;0;0
30-10-2015;10;0;5;1;0;0;0;0
31-10-2015;10;1;6;1;0;2;0;0
01-11-2015;11;1;7;0;0;2;0;0
02-11-2015;11;0;1;0;0;0;0;0
03-11-2015;11;0;2;0;0;0;0;0
04-11-2015;11;0;3;0;0;0;0;0
05-11-2015;11;0;4;0;0;0;0;0
06-11-2015;11;0;5;0;0;0;0;0
07-11-2015;11;0;6;0;0;2;0;0
08-11-2015;11;0;7;0;0;2;0;0
09-11-2015;11;0;1;0;0;0;0;0
10-11-2015;11;0;2;0;0;0;0;0
11-11-2015;11;0;3;0;0;0;0;0
12-11-2015;11;0;4;0;0;0;0;0
13-11-2015;11;0;5;0;0;0;0;0
14-11-2015;11;0;6;0;0;2;0;0
15-11-2015;11;0;7;0;0;2;0;0
16-11-2015;11;0;1;0;0;0;0;0
17-11-2015;11;0;2;0;0;0;0;0
18-11-2015;11;0;3;0;0;0;0;0
19-11-2015;11;0;4;0;0;0;0;0
20-11-2015;11;0;5;0;0;0;0;0
21-11-2015;11;0;6;0;0;2;0;0
22-11-2015;11;0;7;0;0;2;0;0
23-11-2015;11;0;1;0;0;0;0;0
24-11-2015;11;0;2;0;0;0;0;0
25-11-2015;11;0;3;0;0;0;0;0
26-11-2015;11;0;4;0;0;0;0;0
27-11-2015;11;0;5;0;0;0;0;0
28-11-2015;11;0;6;0;0;2;0;0
29-11-2015;11;0;7;0;0;2;0;0
30-11-2015;11;0;1;0;0;0;0;0
01-12-2015;12;0;2;0;0;0;0;0
02-12-2015;12;0;3;0;0;0;0;0
03-12-2015;12;0;4;0;0;0;0;0
04-12-2015;12;0;5;0;0;0;4;0
05-12-2015;12;0;6;0;0;4;0;0
06-12-2015;12;0;7;0;0;4;0;0
07-12-2015;12;0;1;1;1;4;0;0
08-12-2015;12;1;2;0;0;4;0;0
09-12-2015;12;0;3;0;0;0;0;1
10-12-2015;12;0;4;0;0;0;0;2
11-12-2015;12;0;5;0;0;0;0;0
12-12-2015;12;0;6;0;0;2;0;0
13-12-2015;12;0;7;0;0;2;0;0
14-12-2015;12;0;1;0;0;0;0;0
15-12-2015;12;0;2;0;0;0;0;0
16-12-2015;12;0;3;0;0;0;0;0
17-12-2015;12;0;4;0;0;0;0;0
18-12-2015;12;0;5;0;0;0;0;0
19-12-2015;12;0;6;0;0;2;0;0
20-12-2015;12;0;7;0;0;2;0;0
21-12-2015;12;0;1;0;0;0;0;0
22-12-2015;12;0;2;0;0;0;0;0
23-12-2015;12;0;3;0;0;0;0;0
24-12-2015;12;0;4;1;0;0;3;0
25-12-2015;12;1;5;0;0;3;0;0
26-12-2015;12;0;6;0;0;3;0;0
27-12-2015;12;0;7;0;0;3;0;0
28-12-2015;12;0;1;0;0;0;0;1
29-12-2015;12;0;2;0;0;0;0;2
30-12-2015;12;0;3;1;0;0;4;0
31-12-2015;12;1;4;1;0;4;0;0
01-01-2016;1;1;5;0;1;4;0;0
02-01-2016;1;0;6;0;0;4;0;0
03-01-2016;1;0;7;0;0;4;0;0
04-01-2016;1;0;1;0;0;0;0;1
05-01-2016;1;0;2;0;0;0;0;2
06-01-2016;1;0;3;0;0;0;0;0
07-01-2016;1;0;4;0;0;0;0;0
08-01-2016;1;0;5;0;0;0;0;0
09-01-2016;1;0;6;0;0;2;0;0
10-01-2016;1;0;7;0;0;2;0;0
11-01-2016;1;0;1;0;0;0;0;0
12-01-2016;1;0;2;0;0;0;0;0
13-01-2016;1;0;3;0;0;0;0;0
14-01-2016;1;0;4;0;0;0;0;0
15-01-2016;1;0;5;0;0;0;0;0
16-01-2016;1;0;6;0;0;2;0;0
17-01-2016;1;0;7;0;0;2;0;0
18-01-2016;1;0;1;0;0;0;0;0
19-01-2016;1;0;2;0;0;0;0;0
20-01-2016;1;0;3;0;0;0;0;0
21-01-2016;1;0;4;0;0;0;0;0
22-01-2016;1;0;5;0;0;0;0;0
23-01-2016;1;0;6;0;0;2;0;0
24-01-2016;1;0;7;0;0;2;0;0
25-01-2016;1;0;1;0;0;0;0;0
26-01-2016;1;0;2;0;0;0;0;0
27-01-2016;1;0;3;0;0;0;0;0
28-01-2016;1;0;4;0;0;0;0;0
29-01-2016;1;0;5;0;0;0;0;0
30-01-2016;1;0;6;0;0;2;0;0
31-01-2016;1;0;7;0;0;2;0;0
01-02-2016;2;0;1;0;0;0;0;0
02-02-2016;2;0;2;0;0;0;0;0
03-02-2016;2;0;3;0;0;0;0;0
04-02-2016;2;0;4;0;0;0;0;0
05-02-2016;2;0;5;0;0;0;0;0
06-02-2016;2;0;6;0;0;2;0;0
07-02-2016;2;0;7;0;0;2;0;0
08-02-2016;2;0;1;0;0;0;0;0
09-02-2016;2;0;2;0;0;0;0;0
10-02-2016;2;0;3;0;0;0;0;0
11-02-2016;2;0;4;0;0;0;0;0
12-02-2016;2;0;5;0;0;0;0;0
13-02-2016;2;0;6;0;0;2;0;0
14-02-2016;2;0;7;0;0;2;0;0
15-02-2016;2;0;1;0;0;0;0;0
16-02-2016;2;0;2;0;0;0;0;0
17-02-2016;2;0;3;0;0;0;0;0
18-02-2016;2;0;4;0;0;0;0;0
19-02-2016;2;0;5;0;0;0;0;0
20-02-2016;2;0;6;0;0;2;0;0
21-02-2016;2;0;7;0;0;2;0;0
22-02-2016;2;0;1;0;0;0;0;0
23-02-2016;2;0;2;0;0;0;0;0
24-02-2016;2;0;3;0;0;0;0;0
25-02-2016;2;0;4;0;0;0;0;0
26-02-2016;2;0;5;0;0;0;0;0
27-02-2016;2;0;6;0;0;2;0;0
28-02-2016;2;0;7;0;0;2;0;0
29-02-2016;2;0;1;0;0;0;0;0
01-03-2016;3;0;2;0;0;0;0;0
02-03-2016;3;0;3;0;0;0;0;0
03-03-2016;3;0;4;0;0;0;0;0
04-03-2016;3;0;5;0;0;0;0;0
05-03-2016;3;0;6;0;0;2;0;0
06-03-2016;3;0;7;0;0;2;0;0
07-03-2016;3;0;1;0;0;0;0;0
08-03-2016;3;0;2;0;0;0;0;0
09-03-2016;3;0;3;0;0;0;0;0
10-03-2016;3;0;4;0;0;0;0;0
11-03-2016;3;0;5;0;0;0;0;0
12-03-2016;3;0;6;0;0;2;0;0
13-03-2016;3;0;7;0;0;2;0;0
14-03-2016;3;0;1;0;0;0;0;0
15-03-2016;3;0;2;0;0;0;0;0
16-03-2016;3;0;3;0;0;0;0;0
17-03-2016;3;0;4;0;0;0;0;0
18-03-2016;3;0;5;0;0;0;0;0
19-03-2016;3;0;6;0;0;2;0;0
20-03-2016;3;0;7;0;0;2;0;0
21-03-2016;3;0;1;0;0;0;0;0
22-03-2016;3;0;2;0;0;0;0;0
23-03-2016;3;0;3;0;0;0;0;0
24-03-2016;3;0;4;1;0;0;3;0
25-03-2016;3;1;5;1;0;3;0;0
26-03-2016;3;1;6;0;0;3;0;0
27-03-2016;3;0;7;0;0;3;0;0
28-03-2016;3;0;1;0;0;0;0;1
29-03-2016;3;0;2;0;0;0;0;2
30-03-2016;3;0;3;0;0;0;0;0
31-03-2016;3;0;4;0;0;0;0;0
01-04-2016;4;0;5;0;0;0;0;0
02-04-2016;4;0;6;0;0;2;0;0
03-04-2016;4;0;7;0;0;2;0;0
04-04-2016;4;0;1;0;0;0;0;0
05-04-2016;4;0;2;0;0;0;0;0
06-04-2016;4;0;3;0;0;0;0;0
07-04-2016;4;0;4;0;0;0;0;0
08-04-2016;4;0;5;0;0;0;0;0
09-04-2016;4;0;6;0;0;2;0;0
10-04-2016;4;0;7;0;0;2;0;0
11-04-2016;4;0;1;0;0;0;0;0
12-04-2016;4;0;2;0;0;0;0;0
13-04-2016;4;0;3;0;0;0;0;0
14-04-2016;4;0;4;0;0;0;0;0
15-04-2016;4;0;5;0;0;0;0;0
16-04-2016;4;0;6;0;0;2;0;0
17-04-2016;4;0;7;0;0;2;0;0
18-04-2016;4;0;1;0;0;0;0;0
19-04-2016;4;0;2;0;0;0;0;0
20-04-2016;4;0;3;0;0;0;0;0
21-04-2016;4;0;4;0;0;0;0;0
22-04-2016;4;0;5;0;0;0;0;0
23-04-2016;4;0;6;0;0;2;0;0
24-04-2016;4;0;7;0;0;2;0;0
25-04-2016;4;0;1;0;0;0;0;0
26-04-2016;4;0;2;0;0;0;0;0
27-04-2016;4;0;3;0;0;0;0;0
28-04-2016;4;0;4;0;0;0;0;0
29-04-2016;4;0;5;0;0;0;0;0
30-04-2016;4;0;6;1;0;2;0;0
01-05-2016;5;1;7;0;0;2;0;0
02-05-2016;5;0;1;0;0;0;0;0
03-05-2016;5;0;2;0;0;0;0;0
04-05-2016;5;0;3;0;0;0;0;0
05-05-2016;5;0;4;0;0;0;0;0
06-05-2016;5;0;5;0;0;0;0;0
07-05-2016;5;0;6;0;0;2;0;0
08-05-2016;5;0;7;0;0;2;0;0
09-05-2016;5;0;1;0;0;0;0;0
10-05-2016;5;0;2;0;0;0;0;0
11-05-2016;5;0;3;0;0;0;0;0
12-05-2016;5;0;4;0;0;0;0;0
13-05-2016;5;0;5;0;0;0;0;0
14-05-2016;5;0;6;0;0;2;0;0
15-05-2016;5;0;7;0;0;2;0;0
16-05-2016;5;0;1;0;0;0;0;0
17-05-2016;5;0;2;0;0;0;0;0
18-05-2016;5;0;3;0;0;0;0;0
19-05-2016;5;0;4;0;0;0;0;0
20-05-2016;5;0;5;1;0;0;0;0
21-05-2016;5;1;6;0;0;2;0;0
22-05-2016;5;0;7;0;0;2;0;0
23-05-2016;5;0;1;0;0;0;0;0
24-05-2016;5;0;2;0;0;0;0;0
25-05-2016;5;0;3;0;0;0;0;0
26-05-2016;5;0;4;0;0;0;0;0
27-05-2016;5;0;5;0;0;0;0;0
28-05-2016;5;0;6;0;0;2;0;0
29-05-2016;5;0;7;0;0;2;0;0
30-05-2016;5;0;1;0;0;0;0;0
31-05-2016;5;0;2;0;0;0;0;0
01-06-2016;6;0;3;0;0;0;0;0
02-06-2016;6;0;4;0;0;0;0;0
03-06-2016;6;0;5;0;0;0;0;0
04-06-2016;6;0;6;0;0;2;0;0
05-06-2016;6;0;7;0;0;2;0;0
06-06-2016;6;0;1;0;0;0;0;0
07-06-2016;6;0;2;0;0;0;0;0
08-06-2016;6;0;3;0;0;0;0;0
09-06-2016;6;0;4;0;0;0;0;0
10-06-2016;6;0;5;0;0;0;0;0
11-06-2016;6;0;6;0;0;2;0;0
12-06-2016;6;0;7;0;0;2;0;0
13-06-2016;6;0;1;0;0;0;0;0
14-06-2016;6;0;2;0;0;0;0;0
15-06-2016;6;0;3;0;0;0;0;0
16-06-2016;6;0;4;0;0;0;0;0
17-06-2016;6;0;5;0;0;0;0;0
18-06-2016;6;0;6;1;0;2;0;0
19-06-2016;6;1;7;0;0;2;0;0
20-06-2016;6;0;1;0;0;0;0;0
21-06-2016;6;0;2;0;0;0;0;0
22-06-2016;6;0;3;0;0;0;0;0
23-06-2016;6;0;4;0;0;0;0;0
24-06-2016;6;0;5;0;0;0;3;0
25-06-2016;6;0;6;0;0;3;0;0
26-06-2016;6;0;7;1;0;3;0;0
27-06-2016;6;1;1;0;0;3;0;0
28-06-2016;6;0;2;0;0;0;0;1
29-06-2016;6;0;3;0;0;0;0;2
30-06-2016;6;0;4;0;0;0;0;0
01-07-2016;7;0;5;0;0;0;0;0
02-07-2016;7;0;6;0;0;2;0;0
03-07-2016;7;0;7;0;0;2;0;0
04-07-2016;7;0;1;0;0;0;0;0
05-07-2016;7;0;2;0;0;0;0;0
06-07-2016;7;0;3;0;0;0;0;0
07-07-2016;7;0;4;0;0;0;0;0
08-07-2016;7;0;5;0;0;0;0;0
09-07-2016;7;0;6;0;0;2;0;0
10-07-2016;7;0;7;0;0;2;0;0
11-07-2016;7;0;1;0;0;0;0;0
12-07-2016;7;0;2;0;0;0;0;0
13-07-2016;7;0;3;0;0;0;0;0
14-07-2016;7;0;4;0;0;0;0;0
15-07-2016;7;0;5;1;0;0;0;0
16-07-2016;7;1;6;0;0;2;0;0
17-07-2016;7;0;7;0;0;2;0;0
18-07-2016;7;0;1;0;0;0;0;0
19-07-2016;7;0;2;0;0;0;0;0
20-07-2016;7;0;3;0;0;0;0;0
21-07-2016;7;0;4;0;0;0;0;0
22-07-2016;7;0;5;0;0;0;0;0
23-07-2016;7;0;6;0;0;2;0;0
24-07-2016;7;0;7;0;0;2;0;0
25-07-2016;7;0;1;0;0;0;0;0
26-07-2016;7;0;2;0;0;0;0;0
27-07-2016;7;0;3;0;0;0;0;0
28-07-2016;7;0;4;0;0;0;0;0
29-07-2016;7;0;5;0;0;0;0;0
30-07-2016;7;0;6;0;0;2;0;0
31-07-2016;7;0;7;0;0;2;0;0
01-08-2016;8;0;1;0;0;0;0;0
02-08-2016;8;0;2;0;0;0;0;0
03-08-2016;8;0;3;0;0;0;0;0
04-08-2016;8;0;4;0;0;0;0;0
05-08-2016;8;0;5;0;0;0;0;0
06-08-2016;8;0;6;0;0;2;0;0
07-08-2016;8;0;7;0;0;2;0;0
08-08-2016;8;0;1;0;0;0;0;0
09-08-2016;8;0;2;0;0;0;0;0
10-08-2016;8;0;3;0;0;0;0;0
11-08-2016;8;0;4;0;0;0;0;0
12-08-2016;8;0;5;0;0;0;3;0
13-08-2016;8;0;6;0;0;3;0;0
14-08-2016;8;0;7;1;0;3;0;0
15-08-2016;8;1;1;0;0;3;0;0
16-08-2016;8;0;2;0;0;0;0;1
17-08-2016;8;0;3;0;0;0;0;2
18-08-2016;8;0;4;0;0;0;0;0
19-08-2016;8;0;5;0;0;0;0;0
20-08-2016;8;0;6;0;0;2;0;0
21-08-2016;8;0;7;0;0;2;0;0
22-08-2016;8;0;1;0;0;0;0;0
23-08-2016;8;0;2;0;0;0;0;0
24-08-2016;8;0;3;0;0;0;0;0
25-08-2016;8;0;4;0;0;0;0;0
26-08-2016;8;0;5;0;0;0;0;0
27-08-2016;8;0;6;0;0;2;0;0
28-08-2016;8;0;7;0;0;2;0;0
29-08-2016;8;0;1;0;0;0;0;0
30-08-2016;8;0;2;0;0;0;0;0
31-08-2016;8;0;3;0;0;0;0;0
01-09-2016;9;0;4;0;0;0;0;0
02-09-2016;9;0;5;0;0;0;0;0
03-09-2016;9;0;6;0;0;2;0;0
04-09-2016;9;0;7;0;0;2;0;0
05-09-2016;9;0;1;0;0;0;0;0
06-09-2016;9;0;2;0;0;0;0;0
07-09-2016;9;0;3;0;0;0;0;0
08-09-2016;9;0;4;0;0;0;0;0
09-09-2016;9;0;5;0;0;0;0;0
10-09-2016;9;0;6;0;0;2;0;0
11-09-2016;9;0;7;0;0;2;0;0
12-09-2016;9;0;1;0;0;0;0;0
13-09-2016;9;0;2;0;0;0;0;0
14-09-2016;9;0;3;0;0;0;0;0
15-09-2016;9;0;4;0;0;0;0;0
16-09-2016;9;0;5;0;0;0;3;0
17-09-2016;9;0;6;1;0;3;0;0
18-09-2016;9;1;7;1;0;3;0;0
19-09-2016;9;1;1;0;0;3;0;0
20-09-2016;9;0;2;0;0;0;0;1
21-09-2016;9;0;3;0;0;0;0;2
22-09-2016;9;0;4;0;0;0;0;0
23-09-2016;9;0;5;0;0;0;0;0
24-09-2016;9;0;6;0;0;2;0;0
25-09-2016;9;0;7;0;0;2;0;0
26-09-2016;9;0;1;0;0;0;0;0
27-09-2016;9;0;2;0;0;0;0;0
28-09-2016;9;0;3;0;0;0;0;0
29-09-2016;9;0;4;0;0;0;0;0
30-09-2016;9;0;5;0;0;0;0;0
01-10-2016;10;0;6;0;0;2;0;0
02-10-2016;10;0;7;0;0;2;0;0
03-10-2016;10;0;1;0;0;0;0;0
04-10-2016;10;0;2;0;0;0;0;0
05-10-2016;10;0;3;0;0;0;0;0
06-10-2016;10;0;4;0;0;0;0;0
07-10-2016;10;0;5;0;0;0;3;0
08-10-2016;10;0;6;0;0;3;0;0
09-10-2016;10;0;7;1;0;3;0;0
10-10-2016;10;1;1;0;0;3;0;0
11-10-2016;10;0;2;0;0;0;0;1
12-10-2016;10;0;3;0;0;0;0;2
13-10-2016;10;0;4;0;0;0;0;0
14-10-2016;10;0;5;0;0;0;0;0
15-10-2016;10;0;6;0;0;2;0;0
16-10-2016;10;0;7;0;0;2;0;0
17-10-2016;10;0;1;0;0;0;0;0
18-10-2016;10;0;2;0;0;0;0;0
19-10-2016;10;0;3;0;0;0;0;0
20-10-2016;10;0;4;0;0;0;0;0
21-10-2016;10;0;5;0;0;0;0;0
22-10-2016;10;0;6;1;0;2;0;0
23-10-2016;10;1;7;0;0;2;0;0
24-10-2016;10;0;1;0;0;0;0;0
25-10-2016;10;0;2;0;0;0;0;0
26-10-2016;10;0;3;0;0;0;0;0
27-10-2016;10;0;4;0;0;0;0;0
28-10-2016;10;0;5;0;0;0;4;0
29-10-2016;10;0;6;0;0;4;0;0
30-10-2016;10;0;7;1;0;4;0;0
31-10-2016;10;1;1;1;1;4;0;0
01-11-2016;11;1;2;0;0;4;0;0
02-11-2016;11;0;3;0;0;0;0;1
03-11-2016;11;0;4;0;0;0;0;2
04-11-2016;11;0;5;0;0;0;0;0
05-11-2016;11;0;6;0;0;2;0;0
06-11-2016;11;0;7;0;0;2;0;0
07-11-2016;11;0;1;0;0;0;0;0
08-11-2016;11;0;2;0;0;0;0;0
09-11-2016;11;0;3;0;0;0;0;0
10-11-2016;11;0;4;0;0;0;0;0
11-11-2016;11;0;5;0;0;0;0;0
12-11-2016;11;0;6;0;0;2;0;0
13-11-2016;11;0;7;0;0;2;0;0
14-11-2016;11;0;1;0;0;0;0;0
15-11-2016;11;0;2;0;0;0;0;0
16-11-2016;11;0;3;0;0;0;0;0
17-11-2016;11;0;4;0;0;0;0;0
18-11-2016;11;0;5;0;0;0;0;0
19-11-2016;11;0;6;0;0;2;0;0
20-11-2016;11;0;7;0;0;2;0;0
21-11-2016;11;0;1;0;0;0;0;0
22-11-2016;11;0;2;0;0;0;0;0
23-11-2016;11;0;3;0;0;0;0;0
24-11-2016;11;0;4;0;0;0;0;0
25-11-2016;11;0;5;0;0;0;0;0
26-11-2016;11;0;6;0;0;2;0;0
27-11-2016;11;0;7;0;0;2;0;0
28-11-2016;11;0;1;0;0;0;0;0
29-11-2016;11;0;2;0;0;0;0;0
30-11-2016;11;0;3;0;0;0;0;0
01-12-2016;12;0;4;0;0;0;0;0
02-12-2016;12;0;5;0;0;0;0;0
03-12-2016;12;0;6;0;0;2;0;0
04-12-2016;12;0;7;0;0;2;0;0
05-12-2016;12;0;1;0;0;0;0;0
06-12-2016;12;0;2;0;0;0;0;0
07-12-2016;12;0;3;1;0;0;4;0
08-12-2016;12;1;4;0;0;4;0;0
09-12-2016;12;0;5;0;1;4;0;0
10-12-2016;12;0;6;0;0;4;0;0
11-12-2016;12;0;7;0;0;4;0;0
12-12-2016;12;0;1;0;0;0;0;1
13-12-2016;12;0;2;0;0;0;0;2
14-12-2016;12;0;3;0;0;0;0;0
15-12-2016;12;0;4;0;0;0;0;0
16-12-2016;12;0;5;0;0;0;0;0
17-12-2016;12;0;6;0;0;2;0;0
18-12-2016;12;0;7;0;0;2;0;0
19-12-2016;12;0;1;0;0;0;0;0
20-12-2016;12;0;2;0;0;0;0;0
21-12-2016;12;0;3;0;0;0;0;0
22-12-2016;12;0;4;0;0;0;0;0
23-12-2016;12;0;5;0;0;0;0;0
24-12-2016;12;0;6;1;0;2;0;0
25-12-2016;12;1;7;0;0;2;0;0
26-12-2016;12;0;1;0;0;0;0;0
27-12-2016;12;0;2;0;0;0;0;0
28-12-2016;12;0;3;0;0;0;0;0
29-12-2016;12;0;4;0;0;0;0;0
30-12-2016;12;0;5;1;0;0;3;0
31-12-2016;12;1;6;1;0;3;0;0
01-01-2017;1;1;7;1;0;3;0;0
02-01-2017;1;1;1;0;0;3;0;0
03-01-2017;1;0;2;0;0;0;0;1
04-01-2017;1;0;3;0;0;0;0;2
05-01-2017;1;0;4;0;0;0;0;0
06-01-2017;1;0;5;0;0;0;0;0
07-01-2017;1;0;6;0;0;2;0;0
08-01-2017;1;0;7;0;0;2;0;0
09-01-2017;1;0;1;0;0;0;0;0
10-01-2017;1;0;2;0;0;0;0;0
11-01-2017;1;0;3;0;0;0;0;0
12-01-2017;1;0;4;0;0;0;0;0
13-01-2017;1;0;5;0;0;0;0;0
14-01-2017;1;0;6;0;0;2;0;0
15-01-2017;1;0;7;0;0;2;0;0
16-01-2017;1;0;1;0;0;0;0;0
17-01-2017;1;0;2;0;0;0;0;0
18-01-2017;1;0;3;0;0;0;0;0
19-01-2017;1;0;4;0;0;0;0;0
20-01-2017;1;0;5;0;0;0;0;0
21-01-2017;1;0;6;0;0;2;0;0
22-01-2017;1;0;7;0;0;2;0;0
23-01-2017;1;0;1;0;0;0;0;0
24-01-2017;1;0;2;0;0;0;0;0
25-01-2017;1;0;3;0;0;0;0;0
26-01-2017;1;0;4;0;0;0;0;0
27-01-2017;1;0;5;0;0;0;0;0
28-01-2017;1;0;6;0;0;2;0;0
29-01-2017;1;0;7;0;0;2;0;0
30-01-2017;1;0;1;0;0;0;0;0
31-01-2017;1;0;2;0;0;0;0;0
01-02-2017;2;0;3;0;0;0;0;0
02-02-2017;2;0;4;0;0;0;0;0
03-02-2017;2;0;5;0;0;0;0;0
04-02-2017;2;0;6;0;0;2;0;0
05-02-2017;2;0;7;0;0;2;0;0
06-02-2017;2;0;1;0;0;0;0;0
07-02-2017;2;0;2;0;0;0;0;0
08-02-2017;2;0;3;0;0;0;0;0
09-02-2017;2;0;4;0;0;0;0;0
10-02-2017;2;0;5;0;0;0;0;0
11-02-2017;2;0;6;0;0;2;0;0
12-02-2017;2;0;7;0;0;2;0;0
13-02-2017;2;0;1;0;0;0;0;0
14-02-2017;2;0;2;0;0;0;0;0
15-02-2017;2;0;3;0;0;0;0;0
16-02-2017;2;0;4;0;0;0;0;0
17-02-2017;2;0;5;0;0;0;0;0
18-02-2017;2;0;6;0;0;2;0;0
19-02-2017;2;0;7;0;0;2;0;0
20-02-2017;2;0;1;0;0;0;0;0
21-02-2017;2;0;2;0;0;0;0;0
22-02-2017;2;0;3;0;0;0;0;0
23-02-2017;2;0;4;0;0;0;0;0
24-02-2017;2;0;5;0;0;0;0;0
25-02-2017;2;0;6;0;0;2;0;0
26-02-2017;2;0;7;0;0;2;0;0
27-02-2017;2;0;1;0;0;0;0;0
28-02-2017;2;0;2;0;0;0;0;0
01-03-2017;3;0;3;0;0;0;0;0
02-03-2017;3;0;4;0;0;0;0;0
03-03-2017;3;0;5;0;0;0;0;0
04-03-2017;3;0;6;0;0;2;0;0
05-03-2017;3;0;7;0;0;2;0;0
06-03-2017;3;0;1;0;0;0;0;0
07-03-2017;3;0;2;0;0;0;0;0
08-03-2017;3;0;3;0;0;0;0;0
09-03-2017;3;0;4;0;0;0;0;0
10-03-2017;3;0;5;0;0;0;0;0
11-03-2017;3;0;6;0;0;2;0;0
12-03-2017;3;0;7;0;0;2;0;0
13-03-2017;3;0;1;0;0;0;0;0
14-03-2017;3;0;2;0;0;0;0;0
15-03-2017;3;0;3;0;0;0;0;0
16-03-2017;3;0;4;0;0;0;0;0
17-03-2017;3;0;5;0;0;0;0;0
18-03-2017;3;0;6;0;0;2;0;0
19-03-2017;3;0;7;0;0;2;0;0
20-03-2017;3;0;1;0;0;0;0;0
21-03-2017;3;0;2;0;0;0;0;0
22-03-2017;3;0;3;0;0;0;0;0
23-03-2017;3;0;4;0;0;0;0;0
24-03-2017;3;0;5;0;0;0;0;0
25-03-2017;3;0;6;0;0;2;0;0
26-03-2017;3;0;7;0;0;2;0;0
27-03-2017;3;0;1;0;0;0;0;0
28-03-2017;3;0;2;0;0;0;0;0
29-03-2017;3;0;3;0;0;0;0;0
30-03-2017;3;0;4;0;0;0;0;0
31-03-2017;3;0;5;0;0;0;0;0
01-04-2017;4;0;6;0;0;2;0;0
02-04-2017;4;0;7;0;0;2;0;0
03-04-2017;4;0;1;0;0;0;0;0
04-04-2017;4;0;2;0;0;0;0;0
05-04-2017;4;0;3;0;0;0;0;0
06-04-2017;4;0;4;0;0;0;0;0
07-04-2017;4;0;5;0;0;0;0;0
08-04-2017;4;0;6;0;0;2;0;0
09-04-2017;4;0;7;0;0;2;0;0
10-04-2017;4;0;1;0;0;0;0;0
11-04-2017;4;0;2;0;0;0;0;0
12-04-2017;4;0;3;0;0;0;0;0
13-04-2017;4;0;4;1;0;0;3;0
14-04-2017;4;1;5;1;0;3;0;0
15-04-2017;4;1;6;0;0;3;0;0
16-04-2017;4;0;7;0;0;3;0;0
17-04-2017;4;0;1;0;0;0;0;1
18-04-2017;4;0;2;1;0;0;0;2
19-04-2017;4;1;3;0;0;1;0;0
20-04-2017;4;0;4;0;0;0;0;0
21-04-2017;4;0;5;0;0;0;0;0
22-04-2017;4;0;6;0;0;2;0;0
23-04-2017;4;0;7;0;0;2;0;0
24-04-2017;4;0;1;0;0;0;0;0
25-04-2017;4;0;2;0;0;0;0;0
26-04-2017;4;0;3;0;0;0;0;0
27-04-2017;4;0;4;0;0;0;0;0
28-04-2017;4;0;5;0;0;0;3;0
29-04-2017;4;0;6;0;0;3;0;0
30-04-2017;4;0;7;1;0;3;0;0
01-05-2017;5;1;1;0;0;3;0;0
02-05-2017;5;0;2;0;0;0;0;1
03-05-2017;5;0;3;0;0;0;0;2
04-05-2017;5;0;4;0;0;0;0;0
05-05-2017;5;0;5;0;0;0;0;0
06-05-2017;5;0;6;0;0;2;0;0
07-05-2017;5;0;7;0;0;2;0;0
08-05-2017;5;0;1;0;0;0;0;0
09-05-2017;5;0;2;0;0;0;0;0
10-05-2017;5;0;3;0;0;0;0;0
11-05-2017;5;0;4;0;0;0;0;0
12-05-2017;5;0;5;0;0;0;0;0
13-05-2017;5;0;6;0;0;2;0;0
14-05-2017;5;0;7;0;0;2;0;0
15-05-2017;5;0;1;0;0;0;0;0
16-05-2017;5;0;2;0;0;0;0;0
17-05-2017;5;0;3;0;0;0;0;0
18-05-2017;5;0;4;0;0;0;0;0
19-05-2017;5;0;5;0;0;0;0;0
20-05-2017;5;0;6;1;0;2;0;0
21-05-2017;5;1;7;0;0;2;0;0
22-05-2017;5;0;1;0;0;0;0;0
23-05-2017;5;0;2;0;0;0;0;0
24-05-2017;5;0;3;0;0;0;0;0
25-05-2017;5;0;4;0;0;0;0;0
26-05-2017;5;0;5;0;0;0;0;0
27-05-2017;5;0;6;0;0;2;0;0
28-05-2017;5;0;7;0;0;2;0;0
29-05-2017;5;0;1;0;0;0;0;0
30-05-2017;5;0;2;0;0;0;0;0
31-05-2017;5;0;3;0;0;0;0;0
01-06-2017;6;0;4;0;0;0;0;0
02-06-2017;6;0;5;0;0;0;0;0
03-06-2017;6;0;6;0;0;2;0;0
04-06-2017;6;0;7;0;0;2;0;0
05-06-2017;6;0;1;0;0;0;0;0
06-06-2017;6;0;2;0;0;0;0;0
07-06-2017;6;0;3;0;0;0;0;0
08-06-2017;6;0;4;0;0;0;0;0
09-06-2017;6;0;5;0;0;0;0;0
10-06-2017;6;0;6;0;0;2;0;0
11-06-2017;6;0;7;0;0;2;0;0
12-06-2017;6;0;1;0;0;0;0;0
13-06-2017;6;0;2;0;0;0;0;0
14-06-2017;6;0;3;0;0;0;0;0
15-06-2017;6;0;4;0;0;0;0;0
16-06-2017;6;0;5;0;0;0;0;0
17-06-2017;6;0;6;0;0;2;0;0
18-06-2017;6;0;7;0;0;2;0;0
19-06-2017;6;0;1;0;0;0;0;0
20-06-2017;6;0;2;0;0;0;0;0
21-06-2017;6;0;3;0;0;0;0;0
22-06-2017;6;0;4;0;0;0;0;0
23-06-2017;6;0;5;0;0;0;3;0
24-06-2017;6;0;6;0;0;3;0;0
25-06-2017;6;0;7;1;0;3;0;0
26-06-2017;6;1;1;0;0;3;0;0
27-06-2017;6;0;2;0;0;0;0;1
28-06-2017;6;0;3;0;0;0;0;2
29-06-2017;6;0;4;0;0;0;0;0
30-06-2017;6;0;5;0;0;0;0;0
01-07-2017;7;0;6;1;0;2;0;0
02-07-2017;7;1;7;0;0;2;0;0
03-07-2017;7;0;1;0;0;0;0;0
04-07-2017;7;0;2;0;0;0;0;0
05-07-2017;7;0;3;0;0;0;0;0
06-07-2017;7;0;4;0;0;0;0;0
07-07-2017;7;0;5;0;0;0;0;0
08-07-2017;7;0;6;0;0;2;0;0
09-07-2017;7;0;7;0;0;2;0;0
10-07-2017;7;0;1;0;0;0;0;0
11-07-2017;7;0;2;0;0;0;0;0
12-07-2017;7;0;3;0;0;0;0;0
13-07-2017;7;0;4;0;0;0;0;0
14-07-2017;7;0;5;0;0;0;0;0
15-07-2017;7;0;6;1;0;2;0;0
16-07-2017;7;1;7;0;0;2;0;0
17-07-2017;7;0;1;0;0;0;0;0
18-07-2017;7;0;2;0;0;0;0;0
19-07-2017;7;0;3;0;0;0;0;0
20-07-2017;7;0;4;0;0;0;0;0
21-07-2017;7;0;5;0;0;0;0;0
22-07-2017;7;0;6;0;0;2;0;0
23-07-2017;7;0;7;0;0;2;0;0
24-07-2017;7;0;1;0;0;0;0;0
25-07-2017;7;0;2;0;0;0;0;0
26-07-2017;7;0;3;0;0;0;0;0
27-07-2017;7;0;4;0;0;0;0;0
28-07-2017;7;0;5;0;0;0;0;0
29-07-2017;7;0;6;0;0;2;0;0
30-07-2017;7;0;7;0;0;2;0;0
31-07-2017;7;0;1;0;0;0;0;0
01-08-2017;8;0;2;0;0;0;0;0
02-08-2017;8;0;3;0;0;0;0;0
03-08-2017;8;0;4;0;0;0;0;0
04-08-2017;8;0;5;0;0;0;0;0
05-08-2017;8;0;6;0;0;2;0;0
06-08-2017;8;0;7;0;0;2;0;0
07-08-2017;8;0;1;0;0;0;0;0
08-08-2017;8;0;2;0;0;0;0;0
09-08-2017;8;0;3;0;0;0;0;0
10-08-2017;8;0;4;0;0;0;0;0
11-08-2017;8;0;5;0;0;0;4;0
12-08-2017;8;0;6;0;0;4;0;0
13-08-2017;8;0;7;0;0;4;0;0
14-08-2017;8;0;1;1;1;4;0;0
15-08-2017;8;1;2;0;0;4;0;0
16-08-2017;8;0;3;0;0;0;0;1
17-08-2017;8;0;4;0;0;0;0;2
18-08-2017;8;0;5;0;0;0;0;0
19-08-2017;8;0;6;0;0;2;0;0
20-08-2017;8;0;7;0;0;2;0;0
21-08-2017;8;0;1;0;0;0;0;0
22-08-2017;8;0;2;0;0;0;0;0
23-08-2017;8;0;3;0;0;0;0;0
24-08-2017;8;0;4;0;0;0;0;0
25-08-2017;8;0;5;0;0;0;0;0
26-08-2017;8;0;6;0;0;2;0;0
27-08-2017;8;0;7;0;0;2;0;0
28-08-2017;8;0;1;0;0;0;0;0
29-08-2017;8;0;2;0;0;0;0;0
30-08-2017;8;0;3;0;0;0;0;0
31-08-2017;8;0;4;0;0;0;0;0
01-09-2017;9;0;5;0;0;0;0;0
02-09-2017;9;0;6;0;0;2;0;0
03-09-2017;9;0;7;0;0;2;0;0
04-09-2017;9;0;1;0;0;0;0;0
05-09-2017;9;0;2;0;0;0;0;0
06-09-2017;9;0;3;0;0;0;0;0
07-09-2017;9;0;4;0;0;0;0;0
08-09-2017;9;0;5;0;0;0;0;0
09-09-2017;9;0;6;0;0;2;0;0
10-09-2017;9;0;7;0;0;2;0;0
11-09-2017;9;0;1;0;0;0;0;0
12-09-2017;9;0;2;0;0;0;0;0
13-09-2017;9;0;3;0;0;0;0;0
14-09-2017;9;0;4;0;0;0;0;0
15-09-2017;9;0;5;0;0;0;4;0
16-09-2017;9;0;6;0;0;4;0;0
17-09-2017;9;0;7;1;0;4;0;0
18-09-2017;9;1;1;1;1;4;0;0
19-09-2017;9;1;2;0;0;4;0;0
20-09-2017;9;0;3;0;0;0;0;1
21-09-2017;9;0;4;0;0;0;0;2
22-09-2017;9;0;5;0;0;0;0;0
23-09-2017;9;0;6;0;0;2;0;0
24-09-2017;9;0;7;0;0;2;0;0
25-09-2017;9;0;1;0;0;0;0;0
26-09-2017;9;0;2;0;0;0;0;0
27-09-2017;9;0;3;0;0;0;0;0
28-09-2017;9;0;4;0;0;0;0;0
29-09-2017;9;0;5;0;0;0;0;0
30-09-2017;9;0;6;0;0;2;0;0
01-10-2017;10;0;7;0;0;2;0;0
02-10-2017;10;0;1;0;0;0;0;0
03-10-2017;10;0;2;0;0;0;0;0
04-10-2017;10;0;3;0;0;0;0;0
05-10-2017;10;0;4;0;0;0;0;0
06-10-2017;10;0;5;0;0;0;3;0
07-10-2017;10;0;6;0;0;3;0;0
08-10-2017;10;0;7;1;0;3;0;0
09-10-2017;10;1;1;0;0;3;0;0
10-10-2017;10;0;2;0;0;0;0;1
11-10-2017;10;0;3;0;0;0;0;2
12-10-2017;10;0;4;0;0;0;0;0
13-10-2017;10;0;5;0;0;0;0;0
14-10-2017;10;0;6;0;0;2;0;0
15-10-2017;10;0;7;0;0;2;0;0
16-10-2017;10;0;1;0;0;0;0;0
17-10-2017;10;0;2;0;0;0;0;0
18-10-2017;10;0;3;0;0;0;0;0
19-10-2017;10;0;4;0;0;0;0;0
20-10-2017;10;0;5;0;0;0;0;0
21-10-2017;10;0;6;0;0;2;0;0
22-10-2017;10;0;7;0;0;2;0;0
23-10-2017;10;0;1;0;0;0;0;0
24-10-2017;10;0;2;0;0;0;0;0
25-10-2017;10;0;3;0;0;0;0;0
26-10-2017;10;0;4;1;0;0;3;0
27-10-2017;10;1;5;0;0;3;0;0
28-10-2017;10;0;6;0;0;3;0;0
29-10-2017;10;0;7;0;0;3;0;0
30-10-2017;10;0;1;0;0;0;0;1
31-10-2017;10;0;2;1;0;0;0;2
01-11-2017;11;1;3;0;0;1;0;0
02-11-2017;11;0;4;0;0;0;0;0
03-11-2017;11;0;5;0;0;0;0;0
04-11-2017;11;0;6;0;0;2;0;0
05-11-2017;11;0;7;0;0;2;0;0
06-11-2017;11;0;1;0;0;0;0;0
07-11-2017;11;0;2;0;0;0;0;0
08-11-2017;11;0;3;0;0;0;0;0
09-11-2017;11;0;4;0;0;0;0;0
10-11-2017;11;0;5;0;0;0;0;0
11-11-2017;11;0;6;0;0;2;0;0
12-11-2017;11;0;7;0;0;2;0;0
13-11-2017;11;0;1;0;0;0;0;0
14-11-2017;11;0;2;0;0;0;0;0
15-11-2017;11;0;3;0;0;0;0;0
16-11-2017;11;0;4;0;0;0;0;0
17-11-2017;11;0;5;0;0;0;0;0
18-11-2017;11;0;6;1;0;2;0;0
19-11-2017;11;1;7;0;0;2;0;0
20-11-2017;11;0;1;0;0;0;0;0
21-11-2017;11;0;2;0;0;0;0;0
22-11-2017;11;0;3;0;0;0;0;0
23-11-2017;11;0;4;0;0;0;0;0
24-11-2017;11;0;5;0;0;0;0;0
25-11-2017;11;0;6;0;0;2;0;0
26-11-2017;11;0;7;0;0;2;0;0
27-11-2017;11;0;1;0;0;0;0;0
28-11-2017;11;0;2;0;0;0;0;0
29-11-2017;11;0;3;0;0;0;0;0
30-11-2017;11;0;4;0;0;0;0;0
01-12-2017;12;0;5;0;0;0;0;0
02-12-2017;12;0;6;0;0;2;0;0
03-12-2017;12;0;7;0;0;2;0;0
04-12-2017;12;0;1;0;0;0;0;0
05-12-2017;12;0;2;0;0;0;0;0
06-12-2017;12;0;3;0;0;0;0;0
07-12-2017;12;0;4;1;0;0;3;0
08-12-2017;12;1;5;0;0;3;0;0
09-12-2017;12;0;6;0;0;3;0;0
10-12-2017;12;0;7;0;0;3;0;0
11-12-2017;12;0;1;0;0;0;0;1
12-12-2017;12;0;2;0;0;0;0;2
13-12-2017;12;0;3;0;0;0;0;0
14-12-2017;12;0;4;0;0;0;0;0
15-12-2017;12;0;5;0;0;0;0;0
16-12-2017;12;0;6;1;0;2;0;0
17-12-2017;12;1;7;0;0;2;0;0
18-12-2017;12;0;1;0;0;0;0;0
19-12-2017;12;0;2;0;0;0;0;0
20-12-2017;12;0;3;0;0;0;0;0
21-12-2017;12;0;4;0;0;0;0;0
22-12-2017;12;0;5;0;0;0;3;0
23-12-2017;12;0;6;0;0;3;0;0
24-12-2017;12;0;7;1;0;3;0;0
25-12-2017;12;1;1;0;0;3;0;0
26-12-2017;12;0;2;0;0;0;0;1
27-12-2017;12;0;3;0;0;0;0;0
28-12-2017;12;0;4;0;0;0;0;0
29-12-2017;12;0;5;0;0;0;3;0
30-12-2017;12;0;6;0;0;3;0;0
31-12-2017;12;0;7;1;0;3;0;0
01-01-2018;1;1;1;0;0;3;0;0
02-01-2018;1;0;2;0;0;0;0;1
03-01-2018;1;0;3;0;0;0;0;2
04-01-2018;1;0;4;0;0;0;0;0
05-01-2018;1;0;5;0;0;0;0;0
06-01-2018;1;0;6;0;0;2;0;0
07-01-2018;1;0;7;0;0;2;0;0
08-01-2018;1;0;1;0;0;0;0;0
09-01-2018;1;0;2;0;0;0;0;0
10-01-2018;1;0;3;0;0;0;0;0
11-01-2018;1;0;4;0;0;0;0;0
12-01-2018;1;0;5;0;0;0;0;0
13-01-2018;1;0;6;0;0;2;0;0
14-01-2018;1;0;7;0;0;2;0;0
15-01-2018;1;0;1;0;0;0;0;0
16-01-2018;1;0;2;0;0;0;0;0
17-01-2018;1;0;3;0;0;0;0;0
18-01-2018;1;0;4;0;0;0;0;0
19-01-2018;1;0;5;0;0;0;0;0
20-01-2018;1;0;6;0;0;2;0;0
21-01-2018;1;0;7;0;0;2;0;0
22-01-2018;1;0;1;0;0;0;0;0
23-01-2018;1;0;2;0;0;0;0;0
24-01-2018;1;0;3;0;0;0;0;0
25-01-2018;1;0;4;0;0;0;0;0
26-01-2018;1;0;5;0;0;0;0;0
27-01-2018;1;0;6;0;0;2;0;0
28-01-2018;1;0;7;0;0;2;0;0
29-01-2018;1;0;1;0;0;0;0;0
30-01-2018;1;0;2;0;0;0;0;0
31-01-2018;1;0;3;0;0;0;0;0
01-02-2018;2;0;4;0;0;0;0;0
02-02-2018;2;0;5;0;0;0;0;0
03-02-2018;2;0;6;0;0;2;0;0
04-02-2018;2;0;7;0;0;2;0;0
05-02-2018;2;0;1;0;0;0;0;0
06-02-2018;2;0;2;0;0;0;0;0
07-02-2018;2;0;3;0;0;0;0;0
08-02-2018;2;0;4;0;0;0;0;0
09-02-2018;2;0;5;0;0;0;0;0
10-02-2018;2;0;6;0;0;2;0;0
11-02-2018;2;0;7;0;0;2;0;0
12-02-2018;2;0;1;0;0;0;0;0
13-02-2018;2;0;2;0;0;0;0;0
14-02-2018;2;0;3;0;0;0;0;0
15-02-2018;2;0;4;0;0;0;0;0
16-02-2018;2;0;5;0;0;0;0;0
17-02-2018;2;0;6;0;0;2;0;0
18-02-2018;2;0;7;0;0;2;0;0
19-02-2018;2;0;1;0;0;0;0;0
20-02-2018;2;0;2;0;0;0;0;0
21-02-2018;2;0;3;0;0;0;0;0
22-02-2018;2;0;4;0;0;0;0;0
23-02-2018;2;0;5;0;0;0;0;0
24-02-2018;2;0;6;0;0;2;0;0
25-02-2018;2;0;7;0;0;2;0;0
26-02-2018;2;0;1;0;0;0;0;0
27-02-2018;2;0;2;0;0;0;0;0
28-02-2018;2;0;3;0;0;0;0;0
01-03-2018;3;0;4;0;0;0;0;0
02-03-2018;3;0;5;0;0;0;0;0
03-03-2018;3;0;6;0;0;2;0;0
04-03-2018;3;0;7;0;0;2;0;0
05-03-2018;3;0;1;0;0;0;0;0
06-03-2018;3;0;2;0;0;0;0;0
07-03-2018;3;0;3;0;0;0;0;0
08-03-2018;3;0;4;0;0;0;0;0
09-03-2018;3;0;5;0;0;0;0;0
10-03-2018;3;0;6;0;0;2;0;0
11-03-2018;3;0;7;0;0;2;0;0
12-03-2018;3;0;1;0;0;0;0;0
13-03-2018;3;0;2;0;0;0;0;0
14-03-2018;3;0;3;0;0;0;0;0
15-03-2018;3;0;4;0;0;0;0;0
16-03-2018;3;0;5;0;0;0;0;0
17-03-2018;3;0;6;0;0;2;0;0
18-03-2018;3;0;7;0;0;2;0;0
19-03-2018;3;0;1;0;0;0;0;0
20-03-2018;3;0;2;0;0;0;0;0
21-03-2018;3;0;3;0;0;0;0;0
22-03-2018;3;0;4;0;0;0;0;0
23-03-2018;3;0;5;0;0;0;0;0
24-03-2018;3;0;6;0;0;2;0;0
25-03-2018;3;0;7;0;0;2;0;0
26-03-2018;3;0;1;0;0;0;0;0
27-03-2018;3;0;2;0;0;0;0;0
28-03-2018;3;0;3;0;0;0;0;0
29-03-2018;3;0;4;1;0;0;3;0
30-03-2018;3;1;5;1;0;3;0;0
31-03-2018;3;1;6;0;0;3;0;0
01-04-2018;4;0;7;0;0;3;0;0
02-04-2018;4;0;1;0;0;0;0;1
03-04-2018;4;0;2;0;0;0;0;2
04-04-2018;4;0;3;0;0;0;0;0
05-04-2018;4;0;4;0;0;0;0;0
06-04-2018;4;0;5;0;0;0;0;0
07-04-2018;4;0;6;0;0;2;0;0
08-04-2018;4;0;7;0;0;2;0;0
09-04-2018;4;0;1;0;0;0;0;0
10-04-2018;4;0;2;0;0;0;0;0
11-04-2018;4;0;3;0;0;0;0;0
12-04-2018;4;0;4;0;0;0;0;0
13-04-2018;4;0;5;0;0;0;0;0
14-04-2018;4;0;6;0;0;2;0;0
15-04-2018;4;0;7;0;0;2;0;0
16-04-2018;4;0;1;0;0;0;0;0
17-04-2018;4;0;2;0;0;0;0;0
18-04-2018;4;0;3;0;0;0;0;0
19-04-2018;4;0;4;0;0;0;0;0
20-04-2018;4;0;5;0;0;0;0;0
21-04-2018;4;0;6;0;0;2;0;0
22-04-2018;4;0;7;0;0;2;0;0
23-04-2018;4;0;1;0;0;0;0;0
24-04-2018;4;0;2;0;0;0;0;0
25-04-2018;4;0;3;0;0;0;0;0
26-04-2018;4;0;4;0;0;0;0;0
27-04-2018;4;0;5;0;0;0;4;0
28-04-2018;4;0;6;0;0;4;0;0
29-04-2018;4;0;7;0;0;4;0;0
30-04-2018;4;0;1;1;1;4;0;0
01-05-2018;5;1;2;0;0;4;0;0
02-05-2018;5;0;3;0;0;0;0;1
03-05-2018;5;0;4;0;0;0;0;2
04-05-2018;5;0;5;0;0;0;0;0
05-05-2018;5;0;6;0;0;2;0;0
06-05-2018;5;0;7;0;0;2;0;0
07-05-2018;5;0;1;0;0;0;0;0
08-05-2018;5;0;2;0;0;0;0;0
09-05-2018;5;0;3;0;0;0;0;0
10-05-2018;5;0;4;0;0;0;0;0
11-05-2018;5;0;5;0;0;0;0;0
12-05-2018;5;0;6;0;0;2;0;0
13-05-2018;5;0;7;0;0;2;0;0
14-05-2018;5;0;1;0;0;0;0;0
15-05-2018;5;0;2;0;0;0;0;0
16-05-2018;5;0;3;0;0;0;0;0
17-05-2018;5;0;4;0;0;0;0;0
18-05-2018;5;0;5;0;0;0;3;0
19-05-2018;5;0;6;0;0;3;0;0
20-05-2018;5;0;7;1;0;3;0;0
21-05-2018;5;1;1;0;0;3;0;0
22-05-2018;5;0;2;0;0;0;0;1
23-05-2018;5;0;3;0;0;0;0;2
24-05-2018;5;0;4;0;0;0;0;0
25-05-2018;5;0;5;0;0;0;0;0
26-05-2018;5;0;6;0;0;2;0;0
27-05-2018;5;0;7;0;0;2;0;0
28-05-2018;5;0;1;0;0;0;0;0
29-05-2018;5;0;2;0;0;0;0;0
30-05-2018;5;0;3;0;0;0;0;0
31-05-2018;5;0;4;0;0;0;0;0
01-06-2018;6;0;5;0;0;0;0;0
02-06-2018;6;0;6;0;0;2;0;0
03-06-2018;6;0;7;0;0;2;0;0
04-06-2018;6;0;1;0;0;0;0;0
05-06-2018;6;0;2;0;0;0;0;0
06-06-2018;6;0;3;0;0;0;0;0
07-06-2018;6;0;4;0;0;0;0;0
08-06-2018;6;0;5;0;0;0;0;0
09-06-2018;6;0;6;0;0;2;0;0
10-06-2018;6;0;7;0;0;2;0;0
11-06-2018;6;0;1;0;0;0;0;0
12-06-2018;6;0;2;0;0;0;0;0
13-06-2018;6;0;3;0;0;0;0;0
14-06-2018;6;0;4;0;0;0;0;0
15-06-2018;6;0;5;0;0;0;0;0
16-06-2018;6;0;6;0;0;2;0;0
17-06-2018;6;0;7;0;0;2;0;0
18-06-2018;6;0;1;0;0;0;0;0
19-06-2018;6;0;2;0;0;0;0;0
20-06-2018;6;0;3;0;0;0;0;0
21-06-2018;6;0;4;0;0;0;0;0
22-06-2018;6;0;5;0;0;0;0;0
23-06-2018;6;0;6;0;0;2;0;0
24-06-2018;6;0;7;0;0;2;0;0
25-06-2018;6;0;1;0;0;0;0;0
26-06-2018;6;0;2;0;0;0;0;0
27-06-2018;6;0;3;0;0;0;0;0
28-06-2018;6;0;4;0;0;0;0;0
29-06-2018;6;0;5;0;0;0;3;0
30-06-2018;6;0;6;0;0;3;0;0
01-07-2018;7;0;7;1;0;3;0;0
02-07-2018;7;1;1;0;0;3;0;0
03-07-2018;7;0;2;0;0;0;0;1
04-07-2018;7;0;3;0;0;0;0;2
05-07-2018;7;0;4;0;0;0;0;0
06-07-2018;7;0;5;0;0;0;0;0
07-07-2018;7;0;6;0;0;2;0;0
08-07-2018;7;0;7;0;0;2;0;0
09-07-2018;7;0;1;0;0;0;0;0
10-07-2018;7;0;2;0;0;0;0;0
11-07-2018;7;0;3;0;0;0;0;0
12-07-2018;7;0;4;0;0;0;0;0
13-07-2018;7;0;5;0;0;0;3;0
14-07-2018;7;0;6;0;0;3;0;0
15-07-2018;7;0;7;1;0;3;0;0
16-07-2018;7;1;1;0;0;3;0;0
17-07-2018;7;0;2;0;0;0;0;1
18-07-2018;7;0;3;0;0;0;0;2
19-07-2018;7;0;4;0;0;0;0;0
20-07-2018;7;0;5;0;0;0;0;0
21-07-2018;7;0;6;0;0;2;0;0
22-07-2018;7;0;7;0;0;2;0;0
23-07-2018;7;0;1;0;0;0;0;0
24-07-2018;7;0;2;0;0;0;0;0
25-07-2018;7;0;3;0;0;0;0;0
26-07-2018;7;0;4;0;0;0;0;0
27-07-2018;7;0;5;0;0;0;0;0
28-07-2018;7;0;6;0;0;2;0;0
29-07-2018;7;0;7;0;0;2;0;0
30-07-2018;7;0;1;0;0;0;0;0
31-07-2018;7;0;2;0;0;0;0;0
01-08-2018;8;0;3;0;0;0;0;0
02-08-2018;8;0;4;0;0;0;0;0
03-08-2018;8;0;5;0;0;0;0;0
04-08-2018;8;0;6;0;0;2;0;0
05-08-2018;8;0;7;0;0;2;0;0
06-08-2018;8;0;1;0;0;0;0;0
07-08-2018;8;0;2;0;0;0;0;0
08-08-2018;8;0;3;0;0;0;0;0
09-08-2018;8;0;4;0;0;0;0;0
10-08-2018;8;0;5;0;0;0;0;0
11-08-2018;8;0;6;0;0;2;0;0
12-08-2018;8;0;7;0;0;2;0;0
13-08-2018;8;0;1;0;0;0;0;0
14-08-2018;8;0;2;1;0;0;0;0
15-08-2018;8;1;3;0;0;1;0;0
16-08-2018;8;0;4;0;0;0;0;0
17-08-2018;8;0;5;0;0;0;0;0
18-08-2018;8;0;6;0;0;2;0;0
19-08-2018;8;0;7;0;0;2;0;0
20-08-2018;8;0;1;0;0;0;0;0
21-08-2018;8;0;2;0;0;0;0;0
22-08-2018;8;0;3;0;0;0;0;0
23-08-2018;8;0;4;0;0;0;0;0
24-08-2018;8;0;5;0;0;0;0;0
25-08-2018;8;0;6;0;0;2;0;0
26-08-2018;8;0;7;0;0;2;0;0
27-08-2018;8;0;1;0;0;0;0;0
28-08-2018;8;0;2;0;0;0;0;0
29-08-2018;8;0;3;0;0;0;0;0
30-08-2018;8;0;4;0;0;0;0;0
31-08-2018;8;0;5;0;0;0;0;0
01-09-2018;9;0;6;0;0;2;0;0
02-09-2018;9;0;7;0;0;2;0;0
03-09-2018;9;0;1;0;0;0;0;0
04-09-2018;9;0;2;0;0;0;0;0
05-09-2018;9;0;3;0;0;0;0;0
06-09-2018;9;0;4;0;0;0;0;0
07-09-2018;9;0;5;0;0;0;0;0
08-09-2018;9;0;6;0;0;2;0;0
09-09-2018;9;0;7;0;0;2;0;0
10-09-2018;9;0;1;0;0;0;0;0
11-09-2018;9;0;2;0;0;0;0;0
12-09-2018;9;0;3;0;0;0;0;0
13-09-2018;9;0;4;0;0;0;0;0
14-09-2018;9;0;5;0;0;0;5;0
15-09-2018;9;0;6;0;0;5;0;0
16-09-2018;9;0;7;1;0;5;0;0
17-09-2018;9;1;1;1;1;5;0;0
18-09-2018;9;1;2;1;0;5;0;0
19-09-2018;9;1;3;0;0;5;0;0
20-09-2018;9;0;4;0;0;0;0;1
21-09-2018;9;0;5;0;0;0;0;2
22-09-2018;9;0;6;0;0;2;0;0
23-09-2018;9;0;7;0;0;2;0;0
24-09-2018;9;0;1;0;0;0;0;0
25-09-2018;9;0;2;0;0;0;0;0
26-09-2018;9;0;3;0;0;0;0;0
27-09-2018;9;0;4;0;0;0;0;0
28-09-2018;9;0;5;0;0;0;0;0
29-09-2018;9;0;6;0;0;2;0;0
30-09-2018;9;0;7;0;0;2;0;0
01-10-2018;10;0;1;0;0;0;0;0
02-10-2018;10;0;2;0;0;0;0;0
03-10-2018;10;0;3;0;0;0;0;0
04-10-2018;10;0;4;0;0;0;0;0
05-10-2018;10;0;5;0;0;0;0;0
06-10-2018;10;0;6;0;0;2;0;0
07-10-2018;10;0;7;0;0;2;0;0
08-10-2018;10;0;1;0;0;0;0;0
09-10-2018;10;0;2;0;0;0;0;0
10-10-2018;10;0;3;0;0;0;0;0
11-10-2018;10;0;4;0;0;0;0;0
12-10-2018;10;0;5;0;0;0;3;0
13-10-2018;10;0;6;0;0;3;0;0
14-10-2018;10;0;7;1;0;3;0;0
15-10-2018;10;1;1;0;0;3;0;0
16-10-2018;10;0;2;0;0;0;0;1
17-10-2018;10;0;3;0;0;0;0;2
18-10-2018;10;0;4;0;0;0;0;0
19-10-2018;10;0;5;0;0;0;0;0
20-10-2018;10;0;6;0;0;2;0;0
21-10-2018;10;0;7;0;0;2;0;0
22-10-2018;10;0;1;0;0;0;0;0
23-10-2018;10;0;2;0;0;0;0;0
24-10-2018;10;0;3;0;0;0;0;0
25-10-2018;10;0;4;0;0;0;0;0
26-10-2018;10;0;5;0;0;0;0;0
27-10-2018;10;0;6;0;0;2;0;0
28-10-2018;10;0;7;0;0;2;0;0
29-10-2018;10;0;1;0;0;0;0;0
30-10-2018;10;0;2;0;0;0;0;0
31-10-2018;10;0;3;1;0;0;4;0
01-11-2018;11;1;4;1;0;4;0;0
02-11-2018;11;1;5;0;1;4;0;0
03-11-2018;11;0;6;0;0;4;0;0
04-11-2018;11;0;7;0;0;4;0;0
05-11-2018;11;0;1;0;0;0;0;1
06-11-2018;11;0;2;0;0;0;0;2
07-11-2018;11;0;3;0;0;0;0;0
08-11-2018;11;0;4;0;0;0;0;0
09-11-2018;11;0;5;0;0;0;0;0
10-11-2018;11;0;6;0;0;2;0;0
11-11-2018;11;0;7;0;0;2;0;0
12-11-2018;11;0;1;0;0;0;0;0
13-11-2018;11;0;2;0;0;0;0;0
14-11-2018;11;0;3;0;0;0;0;0
15-11-2018;11;0;4;0;0;0;0;0
16-11-2018;11;0;5;0;0;0;0;0
17-11-2018;11;0;6;0;0;2;0;0
18-11-2018;11;0;7;0;0;2;0;0
19-11-2018;11;0;1;0;0;0;0;0
20-11-2018;11;0;2;0;0;0;0;0
21-11-2018;11;0;3;0;0;0;0;0
22-11-2018;11;0;4;0;0;0;0;0
23-11-2018;11;0;5;0;0;0;0;0
24-11-2018;11;0;6;0;0;2;0;0
25-11-2018;11;0;7;0;0;2;0;0
26-11-2018;11;0;1;0;0;0;0;0
27-11-2018;11;0;2;0;0;0;0;0
28-11-2018;11;0;3;0;0;0;0;0
29-11-2018;11;0;4;0;0;0;0;0
30-11-2018;11;0;5;0;0;0;0;0
01-12-2018;12;0;6;0;0;2;0;0
02-12-2018;12;0;7;0;0;2;0;0
03-12-2018;12;0;1;0;0;0;0;0
04-12-2018;12;0;2;0;0;0;0;0
05-12-2018;12;0;3;0;0;0;0;0
06-12-2018;12;0;4;0;0;0;0;0
07-12-2018;12;0;5;1;0;0;0;0
08-12-2018;12;1;6;0;0;2;0;0
09-12-2018;12;0;7;0;0;2;0;0
10-12-2018;12;0;1;0;0;0;0;0
11-12-2018;12;0;2;0;0;0;0;0
12-12-2018;12;0;3;0;0;0;0;0
13-12-2018;12;0;4;0;0;0;0;0
14-12-2018;12;0;5;0;0;0;0;0
15-12-2018;12;0;6;0;0;2;0;0
16-12-2018;12;0;7;0;0;2;0;0
17-12-2018;12;0;1;0;0;0;0;0
18-12-2018;12;0;2;0;0;0;0;0
19-12-2018;12;0;3;0;0;0;0;0
20-12-2018;12;0;4;0;0;0;0;0
21-12-2018;12;0;5;0;0;0;4;0
22-12-2018;12;0;6;0;0;4;0;0
23-12-2018;12;0;7;0;0;4;0;0
24-12-2018;12;0;1;1;1;4;0;0
25-12-2018;12;1;2;0;0;4;0;0
26-12-2018;12;0;3;0;0;0;0;1
27-12-2018;12;0;4;0;0;0;0;2
28-12-2018;12;0;5;0;0;0;4;0
29-12-2018;12;0;6;0;0;4;0;0
30-12-2018;12;0;7;1;0;4;0;0
31-12-2018;12;1;1;1;1;4;0;0
01-01-2019;1;1;2;0;0;4;0;0
02-01-2019;1;0;3;0;0;0;0;1
03-01-2019;1;0;4;0;0;0;0;2
04-01-2019;1;0;5;0;0;0;0;0
05-01-2019;1;0;6;0;0;2;0;0
06-01-2019;1;0;7;0;0;2;0;0
07-01-2019;1;0;1;0;0;0;0;0
08-01-2019;1;0;2;0;0;0;0;0
09-01-2019;1;0;3;0;0;0;0;0
10-01-2019;1;0;4;0;0;0;0;0
11-01-2019;1;0;5;0;0;0;0;0
12-01-2019;1;0;6;0;0;2;0;0
13-01-2019;1;0;7;0;0;2;0;0
14-01-2019;1;0;1;0;0;0;0;0
15-01-2019;1;0;2;0;0;0;0;0
16-01-2019;1;0;3;0;0;0;0;0
17-01-2019;1;0;4;0;0;0;0;0
18-01-2019;1;0;5;0;0;0;0;0
19-01-2019;1;0;6;0;0;2;0;0
20-01-2019;1;0;7;0;0;2;0;0
21-01-2019;1;0;1;0;0;0;0;0
22-01-2019;1;0;2;0;0;0;0;0
23-01-2019;1;0;3;0;0;0;0;0
24-01-2019;1;0;4;0;0;0;0;0
25-01-2019;1;0;5;0;0;0;0;0
26-01-2019;1;0;6;0;0;2;0;0
27-01-2019;1;0;7;0;0;2;0;0
28-01-2019;1;0;1;0;0;0;0;0
29-01-2019;1;0;2;0;0;0;0;0
30-01-2019;1;0;3;0;0;0;0;0
31-01-2019;1;0;4;0;0;0;0;0
01-02-2019;2;0;5;0;0;0;0;0
02-02-2019;2;0;6;0;0;2;0;0
03-02-2019;2;0;7;0;0;2;0;0
04-02-2019;2;0;1;0;0;0;0;0
05-02-2019;2;0;2;0;0;0;0;0
06-02-2019;2;0;3;0;0;0;0;0
07-02-2019;2;0;4;0;0;0;0;0
08-02-2019;2;0;5;0;0;0;0;0
09-02-2019;2;0;6;0;0;2;0;0
10-02-2019;2;0;7;0;0;2;0;0
11-02-2019;2;0;1;0;0;0;0;0
12-02-2019;2;0;2;0;0;0;0;0
13-02-2019;2;0;3;0;0;0;0;0
14-02-2019;2;0;4;0;0;0;0;0
15-02-2019;2;0;5;0;0;0;0;0
16-02-2019;2;0;6;0;0;2;0;0
17-02-2019;2;0;7;0;0;2;0;0
18-02-2019;2;0;1;0;0;0;0;0
19-02-2019;2;0;2;0;0;0;0;0
20-02-2019;2;0;3;0;0;0;0;0
21-02-2019;2;0;4;0;0;0;0;0
22-02-2019;2;0;5;0;0;0;0;0
23-02-2019;2;0;6;0;0;2;0;0
24-02-2019;2;0;7;0;0;2;0;0
25-02-2019;2;0;1;0;0;0;0;0
26-02-2019;2;0;2;0;0;0;0;0
27-02-2019;2;0;3;0;0;0;0;0
28-02-2019;2;0;4;0;0;0;0;0
01-03-2019;3;0;5;0;0;0;0;0
02-03-2019;3;0;6;0;0;2;0;0
03-03-2019;3;0;7;0;0;2;0;0
04-03-2019;3;0;1;0;0;0;0;0
05-03-2019;3;0;2;0;0;0;0;0
06-03-2019;3;0;3;0;0;0;0;0
07-03-2019;3;0;4;0;0;0;0;0
08-03-2019;3;0;5;0;0;0;0;0
09-03-2019;3;0;6;0;0;2;0;0
10-03-2019;3;0;7;0;0;2;0;0
11-03-2019;3;0;1;0;0;0;0;0
12-03-2019;3;0;2;0;0;0;0;0
13-03-2019;3;0;3;0;0;0;0;0
14-03-2019;3;0;4;0;0;0;0;0
15-03-2019;3;0;5;0;0;0;0;0
16-03-2019;3;0;6;0;0;2;0;0
17-03-2019;3;0;7;0;0;2;0;0
18-03-2019;3;0;1;0;0;0;0;0
19-03-2019;3;0;2;0;0;0;0;0
20-03-2019;3;0;3;0;0;0;0;0
21-03-2019;3;0;4;0;0;0;0;0
22-03-2019;3;0;5;0;0;0;0;0
23-03-2019;3;0;6;0;0;2;0;0
24-03-2019;3;0;7;0;0;2;0;0
25-03-2019;3;0;1;0;0;0;0;0
26-03-2019;3;0;2;0;0;0;0;0
27-03-2019;3;0;3;0;0;0;0;0
28-03-2019;3;0;4;0;0;0;0;0
29-03-2019;3;0;5;0;0;0;0;0
30-03-2019;3;0;6;0;0;2;0;0
31-03-2019;3;0;7;0;0;2;0;0
01-04-2019;4;0;1;0;0;0;0;0
02-04-2019;4;0;2;0;0;0;0;0
03-04-2019;4;0;3;0;0;0;0;0
04-04-2019;4;0;4;0;0;0;0;0
05-04-2019;4;0;5;0;0;0;0;0
06-04-2019;4;0;6;0;0;2;0;0
07-04-2019;4;0;7;0;0;2;0;0
08-04-2019;4;0;1;0;0;0;0;0
09-04-2019;4;0;2;0;0;0;0;0
10-04-2019;4;0;3;0;0;0;0;0
11-04-2019;4;0;4;0;0;0;0;0
12-04-2019;4;0;5;0;0;0;0;0
13-04-2019;4;0;6;0;0;2;0;0
14-04-2019;4;0;7;0;0;2;0;0
15-04-2019;4;0;1;0;0;0;0;0
16-04-2019;4;0;2;0;0;0;0;0
17-04-2019;4;0;3;0;0;0;0;0
18-04-2019;4;0;4;1;0;0;3;0
19-04-2019;4;1;5;1;0;3;0;0
20-04-2019;4;1;6;0;0;3;0;0
21-04-2019;4;0;7;0;0;3;0;0
22-04-2019;4;0;1;0;0;0;0;1
23-04-2019;4;0;2;0;0;0;0;2
24-04-2019;4;0;3;0;0;0;0;0
25-04-2019;4;0;4;0;0;0;0;0
26-04-2019;4;0;5;0;0;0;0;0
27-04-2019;4;0;6;0;0;2;0;0
28-04-2019;4;0;7;0;0;2;0;0
29-04-2019;4;0;1;0;0;0;0;0
30-04-2019;4;0;2;1;0;0;0;0
01-05-2019;5;1;3;0;0;1;0;0
02-05-2019;5;0;4;0;0;0;0;0
03-05-2019;5;0;5;0;0;0;0;0
04-05-2019;5;0;6;0;0;2;0;0
05-05-2019;5;0;7;0;0;2;0;0
06-05-2019;5;0;1;0;0;0;0;0
07-05-2019;5;0;2;0;0;0;0;0
08-05-2019;5;0;3;0;0;0;0;0
09-05-2019;5;0;4;0;0;0;0;0
10-05-2019;5;0;5;0;0;0;0;0
11-05-2019;5;0;6;0;0;2;0;0
12-05-2019;5;0;7;0;0;2;0;0
13-05-2019;5;0;1;0;0;0;0;0
14-05-2019;5;0;2;0;0;0;0;0
15-05-2019;5;0;3;0;0;0;0;0
16-05-2019;5;0;4;0;0;0;0;0
17-05-2019;5;0;5;0;0;0;4;0
18-05-2019;5;0;6;0;0;4;0;0
19-05-2019;5;0;7;0;0;4;0;0
20-05-2019;5;0;1;1;1;4;0;0
21-05-2019;5;1;2;0;0;4;0;0
22-05-2019;5;0;3;0;0;0;0;1
23-05-2019;5;0;4;0;0;0;0;2
24-05-2019;5;0;5;0;0;0;0;0
25-05-2019;5;0;6;0;0;2;0;0
26-05-2019;5;0;7;0;0;2;0;0
27-05-2019;5;0;1;0;0;0;0;0
28-05-2019;5;0;2;0;0;0;0;0
29-05-2019;5;0;3;0;0;0;0;0
30-05-2019;5;0;4;0;0;0;0;0
31-05-2019;5;0;5;0;0;0;0;0
01-06-2019;6;0;6;0;0;2;0;0
02-06-2019;6;0;7;0;0;2;0;0
03-06-2019;6;0;1;0;0;0;0;0
04-06-2019;6;0;2;0;0;0;0;0
05-06-2019;6;0;3;0;0;0;0;0
06-06-2019;6;0;4;0;0;0;0;0
07-06-2019;6;0;5;0;0;0;0;0
08-06-2019;6;0;6;0;0;2;0;0
09-06-2019;6;0;7;0;0;2;0;0
10-06-2019;6;0;1;0;0;0;0;0
11-06-2019;6;0;2;0;0;0;0;0
12-06-2019;6;0;3;0;0;0;0;0
13-06-2019;6;0;4;0;0;0;0;0
14-06-2019;6;0;5;0;0;0;0;0
15-06-2019;6;0;6;0;0;2;0;0
16-06-2019;6;0;7;0;0;2;0;0
17-06-2019;6;0;1;0;0;0;0;0
18-06-2019;6;0;2;0;0;0;0;0
19-06-2019;6;0;3;0;0;0;0;0
20-06-2019;6;0;4;0;0;0;0;0
21-06-2019;6;0;5;0;0;0;0;0
22-06-2019;6;0;6;0;0;2;0;0
23-06-2019;6;0;7;0;0;2;0;0
24-06-2019;6;0;1;0;0;0;0;0
25-06-2019;6;0;2;0;0;0;0;0
26-06-2019;6;0;3;0;0;0;0;0
27-06-2019;6;0;4;0;0;0;0;0
28-06-2019;6;0;5;1;0;0;0;0
29-06-2019;6;1;6;0;0;2;0;0
30-06-2019;6;0;7;0;0;2;0;0
01-07-2019;7;0;1;0;0;0;0;0
02-07-2019;7;0;2;0;0;0;0;0
03-07-2019;7;0;3;0;0;0;0;0
04-07-2019;7;0;4;0;0;0;0;0
05-07-2019;7;0;5;0;0;0;0;0
06-07-2019;7;0;6;0;0;2;0;0
07-07-2019;7;0;7;0;0;2;0;0
08-07-2019;7;0;1;0;0;0;0;0
09-07-2019;7;0;2;0;0;0;0;0
10-07-2019;7;0;3;0;0;0;0;0
11-07-2019;7;0;4;0;0;0;0;0
12-07-2019;7;0;5;0;0;0;4;0
13-07-2019;7;0;6;0;0;4;0;0
14-07-2019;7;0;7;0;0;4;0;0
15-07-2019;7;0;1;1;1;4;0;0
16-07-2019;7;1;2;0;0;4;0;0
17-07-2019;7;0;3;0;0;0;0;1
18-07-2019;7;0;4;0;0;0;0;2
19-07-2019;7;0;5;0;0;0;0;0
20-07-2019;7;0;6;0;0;2;0;0
21-07-2019;7;0;7;0;0;2;0;0
22-07-2019;7;0;1;0;0;0;0;0
23-07-2019;7;0;2;0;0;0;0;0
24-07-2019;7;0;3;0;0;0;0;0
25-07-2019;7;0;4;0;0;0;0;0
26-07-2019;7;0;5;0;0;0;0;0
27-07-2019;7;0;6;0;0;2;0;0
28-07-2019;7;0;7;0;0;2;0;0
29-07-2019;7;0;1;0;0;0;0;0
30-07-2019;7;0;2;0;0;0;0;0
31-07-2019;7;0;3;0;0;0;0;0
01-08-2019;8;0;4;0;0;0;0;0
02-08-2019;8;0;5;0;0;0;0;0
03-08-2019;8;0;6;0;0;2;0;0
04-08-2019;8;0;7;0;0;2;0;0
05-08-2019;8;0;1;0;0;0;0;0
06-08-2019;8;0;2;0;0;0;0;0
07-08-2019;8;0;3;0;0;0;0;0
08-08-2019;8;0;4;0;0;0;0;0
09-08-2019;8;0;5;0;0;0;0;0
10-08-2019;8;0;6;0;0;2;0;0
11-08-2019;8;0;7;0;0;2;0;0
12-08-2019;8;0;1;0;0;0;0;0
13-08-2019;8;0;2;0;0;0;0;0
14-08-2019;8;0;3;1;0;0;4;0
15-08-2019;8;1;4;0;0;4;0;0
16-08-2019;8;0;5;0;1;4;0;0
17-08-2019;8;0;6;0;0;4;0;0
18-08-2019;8;0;7;0;0;4;0;0
19-08-2019;8;0;1;0;0;0;0;1
20-08-2019;8;0;2;0;0;0;0;2
21-08-2019;8;0;3;0;0;0;0;0
22-08-2019;8;0;4;0;0;0;0;0
23-08-2019;8;0;5;0;0;0;0;0
24-08-2019;8;0;6;0;0;2;0;0
25-08-2019;8;0;7;0;0;2;0;0
26-08-2019;8;0;1;0;0;0;0;0
27-08-2019;8;0;2;0;0;0;0;0
28-08-2019;8;0;3;0;0;0;0;0
29-08-2019;8;0;4;0;0;0;0;0
30-08-2019;8;0;5;0;0;0;0;0
31-08-2019;8;0;6;0;0;2;0;0
01-09-2019;9;0;7;0;0;2;0;0
02-09-2019;9;0;1;0;0;0;0;0
03-09-2019;9;0;2;0;0;0;0;0
04-09-2019;9;0;3;0;0;0;0;0
05-09-2019;9;0;4;0;0;0;0;0
06-09-2019;9;0;5;0;0;0;0;0
07-09-2019;9;0;6;0;0;2;0;0
08-09-2019;9;0;7;0;0;2;0;0
09-09-2019;9;0;1;0;0;0;0;0
10-09-2019;9;0;2;0;0;0;0;0
11-09-2019;9;0;3;0;0;0;0;0
12-09-2019;9;0;4;0;0;0;0;0
13-09-2019;9;0;5;0;0;0;0;0
14-09-2019;9;0;6;0;0;2;0;0
15-09-2019;9;0;7;0;0;2;0;0
16-09-2019;9;0;1;0;0;0;0;0
17-09-2019;9;0;2;1;0;0;5;0
18-09-2019;9;1;3;1;0;5;0;0
19-09-2019;9;1;4;1;0;5;0;0
20-09-2019;9;1;5;0;1;5;0;0
21-09-2019;9;0;6;0;0;5;0;0
22-09-2019;9;0;7;0;0;5;0;0
23-09-2019;9;0;1;0;0;0;0;1
24-09-2019;9;0;2;0;0;0;0;2
25-09-2019;9;0;3;0;0;0;0;0
26-09-2019;9;0;4;0;0;0;0;0
27-09-2019;9;0;5;0;0;0;0;0
28-09-2019;9;0;6;1;0;2;0;0
29-09-2019;9;1;7;0;0;2;0;0
30-09-2019;9;0;1;0;0;0;0;0
01-10-2019;10;0;2;0;0;0;0;0
02-10-2019;10;0;3;0;0;0;0;0
03-10-2019;10;0;4;0;0;0;0;0
04-10-2019;10;0;5;0;0;0;0;0
05-10-2019;10;0;6;0;0;2;0;0
06-10-2019;10;0;7;0;0;2;0;0
07-10-2019;10;0;1;0;0;0;0;0
08-10-2019;10;0;2;0;0;0;0;0
09-10-2019;10;0;3;0;0;0;0;0
10-10-2019;10;0;4;0;0;0;0;0
11-10-2019;10;0;5;1;0;0;0;0
12-10-2019;10;1;6;0;0;2;0;0
13-10-2019;10;0;7;0;0;2;0;0
14-10-2019;10;0;1;0;0;0;0;0
15-10-2019;10;0;2;0;0;0;0;0
16-10-2019;10;0;3;0;0;0;0;0
17-10-2019;10;0;4;0;0;0;0;0
18-10-2019;10;0;5;0;0;0;0;0
19-10-2019;10;0;6;0;0;2;0;0
20-10-2019;10;0;7;0;0;2;0;0
21-10-2019;10;0;1;0;0;0;0;0
22-10-2019;10;0;2;0;0;0;0;0
23-10-2019;10;0;3;0;0;0;0;0
24-10-2019;10;0;4;0;0;0;0;0
25-10-2019;10;0;5;0;0;0;0;0
26-10-2019;10;0;6;0;0;2;0;0
27-10-2019;10;0;7;0;0;2;0;0
28-10-2019;10;0;1;0;0;0;0;0
29-10-2019;10;0;2;0;0;0;0;0
30-10-2019;10;0;3;1;0;0;4;0
31-10-2019;10;1;4;1;0;4;0;0
01-11-2019;11;1;5;0;1;4;0;0
02-11-2019;11;0;6;0;0;4;0;0
03-11-2019;11;0;7;0;0;4;0;0
04-11-2019;11;0;1;0;0;0;0;1
05-11-2019;11;0;2;0;0;0;0;2
06-11-2019;11;0;3;0;0;0;0;0
07-11-2019;11;0;4;0;0;0;0;0
08-11-2019;11;0;5;0;0;0;0;0
09-11-2019;11;0;6;0;0;2;0;0
10-11-2019;11;0;7;0;0;2;0;0
11-11-2019;11;0;1;0;0;0;0;0
12-11-2019;11;0;2;0;0;0;0;0
13-11-2019;11;0;3;0;0;0;0;0
14-11-2019;11;0;4;0;0;0;0;0
15-11-2019;11;0;5;0;0;0;0;0
16-11-2019;11;0;6;0;0;2;0;0
17-11-2019;11;0;7;0;0;2;0;0
18-11-2019;11;0;1;0;0;0;0;0
19-11-2019;11;0;2;0;0;0;0;0
20-11-2019;11;0;3;0;0;0;0;0
21-11-2019;11;0;4;0;0;0;0;0
22-11-2019;11;0;5;0;0;0;0;0
23-11-2019;11;0;6;0;0;2;0;0
24-11-2019;11;0;7;0;0;2;0;0
25-11-2019;11;0;1;0;0;0;0;0
26-11-2019;11;0;2;0;0;0;0;0
27-11-2019;11;0;3;0;0;0;0;0
28-11-2019;11;0;4;0;0;0;0;0
29-11-2019;11;0;5;0;0;0;0;0
30-11-2019;11;0;6;0;0;2;0;0
01-12-2019;12;0;7;0;0;2;0;0
02-12-2019;12;0;1;0;0;0;0;0
03-12-2019;12;0;2;0;0;0;0;0
04-12-2019;12;0;3;0;0;0;0;0
05-12-2019;12;0;4;0;0;0;0;0
06-12-2019;12;0;5;0;0;0;0;0
07-12-2019;12;0;6;1;0;2;0;0
08-12-2019;12;1;7;0;0;2;0;0
09-12-2019;12;0;1;0;0;0;0;0
10-12-2019;12;0;2;0;0;0;0;0
11-12-2019;12;0;3;0;0;0;0;0
12-12-2019;12;0;4;0;0;0;0;0
13-12-2019;12;0;5;0;0;0;0;0
14-12-2019;12;0;6;0;0;2;0;0
15-12-2019;12;0;7;0;0;2;0;0
16-12-2019;12;0;1;0;0;0;0;0
17-12-2019;12;0;2;0;0;0;0;0
18-12-2019;12;0;3;0;0;0;0;0
19-12-2019;12;0;4;0;0;0;0;0
20-12-2019;12;0;5;0;0;0;0;0
21-12-2019;12;0;6;0;0;2;0;0
22-12-2019;12;0;7;0;0;2;0;0
23-12-2019;12;0;1;0;0;0;0;0
24-12-2019;12;0;2;1;0;0;0;0
25-12-2019;12;1;3;0;0;1;0;0
26-12-2019;12;0;4;0;0;0;0;0
27-12-2019;12;0;5;0;0;0;5;0
28-12-2019;12;0;6;0;0;5;0;0
29-12-2019;12;0;7;0;0;5;0;0
30-12-2019;12;0;1;1;1;5;0;0
31-12-2019;12;1;2;1;0;5;0;0
01-01-2020;1;1;3;0;0;5;0;0
02-01-2020;1;0;4;0;0;0;0;1
03-01-2020;1;0;5;0;0;0;0;2
04-01-2020;1;0;6;0;0;2;0;0
05-01-2020;1;0;7;0;0;2;0;0
06-01-2020;1;0;1;0;0;0;0;0
07-01-2020;1;0;2;0;0;0;0;0
08-01-2020;1;0;3;0;0;0;0;0
09-01-2020;1;0;4;0;0;0;0;0
10-01-2020;1;0;5;0;0;0;0;0
11-01-2020;1;0;6;0;0;2;0;0
12-01-2020;1;0;7;0;0;2;0;0
13-01-2020;1;0;1;0;0;0;0;0
14-01-2020;1;0;2;0;0;0;0;0
15-01-2020;1;0;3;0;0;0;0;0
16-01-2020;1;0;4;0;0;0;0;0
17-01-2020;1;0;5;0;0;0;0;0
18-01-2020;1;0;6;0;0;2;0;0
19-01-2020;1;0;7;0;0;2;0;0
20-01-2020;1;0;1;0;0;0;0;0
21-01-2020;1;0;2;0;0;0;0;0
22-01-2020;1;0;3;0;0;0;0;0
23-01-2020;1;0;4;0;0;0;0;0
24-01-2020;1;0;5;0;0;0;0;0
25-01-2020;1;0;6;0;0;2;0;0
26-01-2020;1;0;7;0;0;2;0;0
27-01-2020;1;0;1;0;0;0;0;0
28-01-2020;1;0;2;0;0;0;0;0
29-01-2020;1;0;3;0;0;0;0;0
30-01-2020;1;0;4;0;0;0;0;0
31-01-2020;1;0;5;0;0;0;0;0
01-02-2020;2;0;6;0;0;2;0;0
02-02-2020;2;0;7;0;0;2;0;0
03-02-2020;2;0;1;0;0;0;0;0
04-02-2020;2;0;2;0;0;0;0;0
05-02-2020;2;0;3;0;0;0;0;0
06-02-2020;2;0;4;0;0;0;0;0
07-02-2020;2;0;5;0;0;0;0;0
08-02-2020;2;0;6;0;0;2;0;0
09-02-2020;2;0;7;0;0;2;0;0
10-02-2020;2;0;1;0;0;0;0;0
11-02-2020;2;0;2;0;0;0;0;0
12-02-2020;2;0;3;0;0;0;0;0
13-02-2020;2;0;4;0;0;0;0;0
14-02-2020;2;0;5;0;0;0;0;0
15-02-2020;2;0;6;0;0;2;0;0
16-02-2020;2;0;7;0;0;2;0;0
17-02-2020;2;0;1;0;0;0;0;0
18-02-2020;2;0;2;0;0;0;0;0
19-02-2020;2;0;3;0;0;0;0;0
20-02-2020;2;0;4;0;0;0;0;0
21-02-2020;2;0;5;0;0;0;0;0
22-02-2020;2;0;6;0;0;2;0;0
23-02-2020;2;0;7;0;0;2;0;0
24-02-2020;2;0;1;0;0;0;0;0
25-02-2020;2;0;2;0;0;0;0;0
26-02-2020;2;0;3;0;0;0;0;0
27-02-2020;2;0;4;0;0;0;0;0
28-02-2020;2;0;5;0;0;0;0;0
29-02-2020;2;0;6;0;0;2;0;0
01-03-2020;3;0;7;0;0;2;0;0
02-03-2020;3;0;1;0;0;0;0;0
03-03-2020;3;0;2;0;0;0;0;0
04-03-2020;3;0;3;0;0;0;0;0
05-03-2020;3;0;4;0;0;0;0;0
06-03-2020;3;0;5;0;0;0;0;0
07-03-2020;3;0;6;0;0;2;0;0
08-03-2020;3;0;7;0;0;2;0;0
09-03-2020;3;0;1;0;0;0;0;0
10-03-2020;3;0;2;0;0;0;0;0
11-03-2020;3;0;3;0;0;0;0;0
12-03-2020;3;0;4;0;0;0;0;0
13-03-2020;3;0;5;0;0;0;0;0
14-03-2020;3;0;6;0;0;2;0;0
15-03-2020;3;0;7;0;0;2;0;0
16-03-2020;3;0;1;0;0;0;0;0
17-03-2020;3;0;2;0;0;0;0;0
18-03-2020;3;0;3;0;0;0;0;0
19-03-2020;3;0;4;0;0;0;0;0
20-03-2020;3;0;5;0;0;0;0;0
21-03-2020;3;0;6;0;0;2;0;0
22-03-2020;3;0;7;0;0;2;0;0
23-03-2020;3;0;1;0;0;0;0;0
24-03-2020;3;0;2;0;0;0;0;0
25-03-2020;3;0;3;0;0;0;0;0
26-03-2020;3;0;4;0;0;0;0;0
27-03-2020;3;0;5;0;0;0;0;0
28-03-2020;3;0;6;0;0;2;0;0
29-03-2020;3;0;7;0;0;2;0;0
30-03-2020;3;0;1;0;0;0;0;0
31-03-2020;3;0;2;0;0;0;0;0
01-04-2020;4;0;3;0;0;0;0;0
02-04-2020;4;0;4;0;0;0;0;0
03-04-2020;4;0;5;0;0;0;0;0
04-04-2020;4;0;6;0;0;2;0;0
05-04-2020;4;0;7;0;0;2;0;0
06-04-2020;4;0;1;0;0;0;0;0
07-04-2020;4;0;2;0;0;0;0;0
08-04-2020;4;0;3;0;0;0;0;0
09-04-2020;4;0;4;1;0;0;3;0
10-04-2020;4;1;5;1;0;3;0;0
11-04-2020;4;1;6;0;0;3;0;0
12-04-2020;4;0;7;0;0;3;0;0
13-04-2020;4;0;1;0;0;0;0;1
14-04-2020;4;0;2;0;0;0;0;2
15-04-2020;4;0;3;0;0;0;0;0
16-04-2020;4;0;4;0;0;0;0;0
17-04-2020;4;0;5;0;0;0;0;0
18-04-2020;4;0;6;0;0;2;0;0
19-04-2020;4;0;7;0;0;2;0;0
20-04-2020;4;0;1;0;0;0;0;0
21-04-2020;4;0;2;0;0;0;0;0
22-04-2020;4;0;3;0;0;0;0;0
23-04-2020;4;0;4;0;0;0;0;0
24-04-2020;4;0;5;0;0;0;0;0
25-04-2020;4;0;6;0;0;2;0;0
26-04-2020;4;0;7;0;0;2;0;0
27-04-2020;4;0;1;0;0;0;0;0
28-04-2020;4;0;2;0;0;0;0;0
29-04-2020;4;0;3;0;0;0;0;0
30-04-2020;4;0;4;1;0;0;3;0
01-05-2020;5;1;5;0;0;3;0;0
02-05-2020;5;0;6;0;0;3;0;0
03-05-2020;5;0;7;0;0;3;0;0
04-05-2020;5;0;1;0;0;0;0;1
05-05-2020;5;0;2;0;0;0;0;2
06-05-2020;5;0;3;0;0;0;0;0
07-05-2020;5;0;4;0;0;0;0;0
08-05-2020;5;0;5;0;0;0;0;0
09-05-2020;5;0;6;0;0;2;0;0
10-05-2020;5;0;7;0;0;2;0;0
11-05-2020;5;0;1;0;0;0;0;0
12-05-2020;5;0;2;0;0;0;0;0
13-05-2020;5;0;3;0;0;0;0;0
14-05-2020;5;0;4;0;0;0;0;0
15-05-2020;5;0;5;0;0;0;0;0
16-05-2020;5;0;6;0;0;2;0;0
17-05-2020;5;0;7;0;0;2;0;0
18-05-2020;5;0;1;0;0;0;0;0
19-05-2020;5;0;2;0;0;0;0;0
20-05-2020;5;0;3;1;0;0;4;0
21-05-2020;5;1;4;0;0;4;0;0
22-05-2020;5;0;5;0;1;4;0;0
23-05-2020;5;0;6;0;0;4;0;0
24-05-2020;5;0;7;0;0;4;0;0
25-05-2020;5;0;1;0;0;0;0;1
26-05-2020;5;0;2;0;0;0;0;2
27-05-2020;5;0;3;0;0;0;0;0
28-05-2020;5;0;4;0;0;0;0;0
29-05-2020;5;0;5;0;0;0;0;0
30-05-2020;5;0;6;0;0;2;0;0
31-05-2020;5;0;7;0;0;2;0;0
01-06-2020;6;0;1;0;0;0;0;0
02-06-2020;6;0;2;0;0;0;0;0
03-06-2020;6;0;3;0;0;0;0;0
04-06-2020;6;0;4;0;0;0;0;0
05-06-2020;6;0;5;0;0;0;0;0
06-06-2020;6;0;6;0;0;2;0;0
07-06-2020;6;0;7;0;0;2;0;0
08-06-2020;6;0;1;0;0;0;0;0
09-06-2020;6;0;2;0;0;0;0;0
10-06-2020;6;0;3;0;0;0;0;0
11-06-2020;6;0;4;0;0;0;0;0
12-06-2020;6;0;5;0;0;0;0;0
13-06-2020;6;0;6;0;0;2;0;0
14-06-2020;6;0;7;0;0;2;0;0
15-06-2020;6;0;1;0;0;0;0;0
16-06-2020;6;0;2;0;0;0;0;0
17-06-2020;6;0;3;0;0;0;0;0
18-06-2020;6;0;4;0;0;0;0;0
19-06-2020;6;0;5;0;0;0;0;0
20-06-2020;6;0;6;0;0;2;0;0
21-06-2020;6;0;7;0;0;2;0;0
22-06-2020;6;0;1;0;0;0;0;0
23-06-2020;6;0;2;0;0;0;0;0
24-06-2020;6;0;3;0;0;0;0;0
25-06-2020;6;0;4;0;0;0;0;0
26-06-2020;6;0;5;0;0;0;3;0
27-06-2020;6;0;6;0;0;3;0;0
28-06-2020;6;0;7;1;0;3;0;0
29-06-2020;6;1;1;0;0;3;0;0
30-06-2020;6;0;2;0;0;0;0;1
01-07-2020;7;0;3;0;0;0;0;2
02-07-2020;7;0;4;0;0;0;0;0
03-07-2020;7;0;5;0;0;0;0;0
04-07-2020;7;0;6;0;0;2;0;0
05-07-2020;7;0;7;0;0;2;0;0
06-07-2020;7;0;1;0;0;0;0;0
07-07-2020;7;0;2;0;0;0;0;0
08-07-2020;7;0;3;0;0;0;0;0
09-07-2020;7;0;4;0;0;0;0;0
10-07-2020;7;0;5;0;0;0;0;0
11-07-2020;7;0;6;0;0;2;0;0
12-07-2020;7;0;7;0;0;2;0;0
13-07-2020;7;0;1;0;0;0;0;0
14-07-2020;7;0;2;0;0;0;0;0
15-07-2020;7;0;3;1;0;0;4;0
16-07-2020;7;1;4;0;0;4;0;0
17-07-2020;7;0;5;0;1;4;0;0
18-07-2020;7;0;6;0;0;4;0;0
19-07-2020;7;0;7;0;0;4;0;0
20-07-2020;7;0;1;0;0;0;0;1
21-07-2020;7;0;2;0;0;0;0;2
22-07-2020;7;0;3;0;0;0;0;0
23-07-2020;7;0;4;0;0;0;0;0
24-07-2020;7;0;5;0;0;0;0;0
25-07-2020;7;0;6;0;0;2;0;0
26-07-2020;7;0;7;0;0;2;0;0
27-07-2020;7;0;1;0;0;0;0;0
28-07-2020;7;0;2;0;0;0;0;0
29-07-2020;7;0;3;0;0;0;0;0
30-07-2020;7;0;4;0;0;0;0;0
31-07-2020;7;0;5;0;0;0;0;0
01-08-2020;8;0;6;0;0;2;0;0
02-08-2020;8;0;7;0;0;2;0;0
03-08-2020;8;0;1;0;0;0;0;0
04-08-2020;8;0;2;0;0;0;0;0
05-08-2020;8;0;3;0;0;0;0;0
06-08-2020;8;0;4;0;0;0;0;0
07-08-2020;8;0;5;0;0;0;0;0
08-08-2020;8;0;6;0;0;2;0;0
09-08-2020;8;0;7;0;0;2;0;0
10-08-2020;8;0;1;0;0;0;0;0
11-08-2020;8;0;2;0;0;0;0;0
12-08-2020;8;0;3;0;0;0;0;0
13-08-2020;8;0;4;0;0;0;0;0
14-08-2020;8;0;5;1;0;0;0;0
15-08-2020;8;1;6;0;0;2;0;0
16-08-2020;8;0;7;0;0;2;0;0
17-08-2020;8;0;1;0;0;0;0;0
18-08-2020;8;0;2;0;0;0;0;0
19-08-2020;8;0;3;0;0;0;0;0
20-08-2020;8;0;4;0;0;0;0;0
21-08-2020;8;0;5;0;0;0;0;0
22-08-2020;8;0;6;0;0;2;0;0
23-08-2020;8;0;7;0;0;2;0;0
24-08-2020;8;0;1;0;0;0;0;0
25-08-2020;8;0;2;0;0;0;0;0
26-08-2020;8;0;3;0;0;0;0;0
27-08-2020;8;0;4;0;0;0;0;0
28-08-2020;8;0;5;0;0;0;0;0
29-08-2020;8;0;6;0;0;2;0;0
30-08-2020;8;0;7;0;0;2;0;0
31-08-2020;8;0;1;0;0;0;0;0
01-09-2020;9;0;2;0;0;0;0;0
02-09-2020;9;0;3;0;0;0;0;0
03-09-2020;9;0;4;0;0;0;0;0
04-09-2020;9;0;5;0;0;0;0;0
05-09-2020;9;0;6;0;0;2;0;0
06-09-2020;9;0;7;0;0;2;0;0
07-09-2020;9;0;1;0;0;0;0;0
08-09-2020;9;0;2;0;0;0;0;0
09-09-2020;9;0;3;0;0;0;0;0
10-09-2020;9;0;4;0;0;0;0;0
11-09-2020;9;0;5;0;0;0;0;0
12-09-2020;9;0;6;0;0;2;0;0
13-09-2020;9;0;7;0;0;2;0;0
14-09-2020;9;0;1;0;0;0;0;0
15-09-2020;9;0;2;0;0;0;0;0
16-09-2020;9;0;3;0;0;0;0;0
17-09-2020;9;0;4;1;0;0;3;0
18-09-2020;9;1;5;1;0;3;0;0
19-09-2020;9;1;6;0;0;3;0;0
20-09-2020;9;0;7;0;0;3;0;0
21-09-2020;9;0;1;0;0;0;0;1
22-09-2020;9;0;2;0;0;0;0;2
23-09-2020;9;0;3;0;0;0;0;0
24-09-2020;9;0;4;0;0;0;0;0
25-09-2020;9;0;5;0;0;0;0;0
26-09-2020;9;0;6;0;0;2;0;0
27-09-2020;9;0;7;0;0;2;0;0
28-09-2020;9;0;1;0;0;0;0;0
29-09-2020;9;0;2;0;0;0;0;0
30-09-2020;9;0;3;0;0;0;0;0
01-10-2020;10;0;4;0;0;0;0;0
02-10-2020;10;0;5;0;0;0;0;0
03-10-2020;10;0;6;0;0;2;0;0
04-10-2020;10;0;7;0;0;2;0;0
05-10-2020;10;0;1;0;0;0;0;0
06-10-2020;10;0;2;0;0;0;0;0
07-10-2020;10;0;3;0;0;0;0;0
08-10-2020;10;0;4;0;0;0;0;0
09-10-2020;10;0;5;0;0;0;3;0
10-10-2020;10;0;6;0;0;3;0;0
11-10-2020;10;0;7;1;0;3;0;0
12-10-2020;10;1;1;0;0;3;0;0
13-10-2020;10;0;2;0;0;0;0;1
14-10-2020;10;0;3;0;0;0;0;2
15-10-2020;10;0;4;0;0;0;0;0
16-10-2020;10;0;5;0;0;0;0;0
17-10-2020;10;0;6;0;0;2;0;0
18-10-2020;10;0;7;0;0;2;0;0
19-10-2020;10;0;1;0;0;0;0;0
20-10-2020;10;0;2;0;0;0;0;0
21-10-2020;10;0;3;0;0;0;0;0
22-10-2020;10;0;4;0;0;0;0;0
23-10-2020;10;0;5;0;0;0;0;0
24-10-2020;10;0;6;1;0;2;0;0
25-10-2020;10;1;7;0;0;2;0;0
26-10-2020;10;0;1;0;0;0;0;0
27-10-2020;10;0;2;0;0;0;0;0
28-10-2020;10;0;3;0;0;0;0;0
29-10-2020;10;0;4;0;0;0;0;0
30-10-2020;10;0;5;1;0;0;0;0
31-10-2020;10;1;6;1;0;2;0;0
01-11-2020;11;1;7;0;0;2;0;0
02-11-2020;11;0;1;0;0;0;0;0
03-11-2020;11;0;2;0;0;0;0;0
04-11-2020;11;0;3;0;0;0;0;0
05-11-2020;11;0;4;0;0;0;0;0
06-11-2020;11;0;5;0;0;0;0;0
07-11-2020;11;0;6;0;0;2;0;0
08-11-2020;11;0;7;0;0;2;0;0
09-11-2020;11;0;1;0;0;0;0;0
10-11-2020;11;0;2;0;0;0;0;0
11-11-2020;11;0;3;0;0;0;0;0
12-11-2020;11;0;4;0;0;0;0;0
13-11-2020;11;0;5;0;0;0;0;0
14-11-2020;11;0;6;0;0;2;0;0
15-11-2020;11;0;7;0;0;2;0;0
16-11-2020;11;0;1;0;0;0;0;0
17-11-2020;11;0;2;0;0;0;0;0
18-11-2020;11;0;3;0;0;0;0;0
19-11-2020;11;0;4;0;0;0;0;0
20-11-2020;11;0;5;0;0;0;0;0
21-11-2020;11;0;6;0;0;2;0;0
22-11-2020;11;0;7;0;0;2;0;0
23-11-2020;11;0;1;0;0;0;0;0
24-11-2020;11;0;2;0;0;0;0;0
25-11-2020;11;0;3;0;0;0;0;0
26-11-2020;11;0;4;0;0;0;0;0
27-11-2020;11;0;5;0;0;0;0;0
28-11-2020;11;0;6;1;0;2;0;0
29-11-2020;11;1;7;0;0;2;0;0
30-11-2020;11;0;1;0;0;0;0;0
01-12-2020;12;0;2;0;0;0;0;0
02-12-2020;12;0;3;0;0;0;0;0
03-12-2020;12;0;4;0;0;0;0;0
04-12-2020;12;0;5;0;0;0;4;0
05-12-2020;12;0;6;0;0;4;0;0
06-12-2020;12;0;7;0;0;4;0;0
07-12-2020;12;0;1;1;1;4;0;0
08-12-2020;12;1;2;0;0;4;0;0
09-12-2020;12;0;3;0;0;0;0;1
10-12-2020;12;0;4;0;0;0;0;2
11-12-2020;12;0;5;0;0;0;0;0
12-12-2020;12;0;6;0;0;2;0;0
13-12-2020;12;0;7;0;0;2;0;0
14-12-2020;12;0;1;0;0;0;0;0
15-12-2020;12;0;2;0;0;0;0;0
16-12-2020;12;0;3;0;0;0;0;0
17-12-2020;12;0;4;0;0;0;0;0
18-12-2020;12;0;5;0;0;0;0;0
19-12-2020;12;0;6;0;0;2;0;0
20-12-2020;12;0;7;0;0;2;0;0
21-12-2020;12;0;1;0;0;0;0;0
22-12-2020;12;0;2;0;0;0;0;0
23-12-2020;12;0;3;0;0;0;0;0
24-12-2020;12;0;4;1;0;0;3;0
25-12-2020;12;1;5;0;0;3;0;0
26-12-2020;12;0;6;0;0;3;0;0
27-12-2020;12;0;7;0;0;3;0;0
28-12-2020;12;0;1;0;0;0;0;1
29-12-2020;12;0;2;0;0;0;0;2
30-12-2020;12;0;3;1;0;0;4;0
31-12-2020;12;1;4;1;0;4;0;0
01-01-2021;1;1;5;0;1;4;0;0
02-01-2021;1;0;6;0;0;4;0;0
03-01-2021;1;0;7;0;0;4;0;0
04-01-2021;1;0;1;0;0;0;0;1
05-01-2021;1;0;2;0;0;0;0;2
06-01-2021;1;0;3;0;0;0;0;0
07-01-2021;1;0;4;0;0;0;0;0
08-01-2021;1;0;5;0;0;0;0;0
09-01-2021;1;0;6;0;0;2;0;0
10-01-2021;1;0;7;0;0;2;0;0
11-01-2021;1;0;1;0;0;0;0;0
12-01-2021;1;0;2;0;0;0;0;0
13-01-2021;1;0;3;0;0;0;0;0
14-01-2021;1;0;4;0;0;0;0;0
15-01-2021;1;0;5;0;0;0;0;0
16-01-2021;1;0;6;0;0;2;0;0
17-01-2021;1;0;7;0;0;2;0;0
18-01-2021;1;0;1;0;0;0;0;0
19-01-2021;1;0;2;0;0;0;0;0
20-01-2021;1;0;3;0;0;0;0;0
21-01-2021;1;0;4;0;0;0;0;0
22-01-2021;1;0;5;0;0;0;0;0
23-01-2021;1;0;6;0;0;2;0;0
24-01-2021;1;0;7;0;0;2;0;0
25-01-2021;1;0;1;0;0;0;0;0
26-01-2021;1;0;2;0;0;0;0;0
27-01-2021;1;0;3;0;0;0;0;0
28-01-2021;1;0;4;0;0;0;0;0
29-01-2021;1;0;5;0;0;0;0;0
30-01-2021;1;0;6;0;0;2;0;0
31-01-2021;1;0;7;0;0;2;0;0
01-02-2021;2;0;1;0;0;0;0;0
02-02-2021;2;0;2;0;0;0;0;0
03-02-2021;2;0;3;0;0;0;0;0
04-02-2021;2;0;4;0;0;0;0;0
05-02-2021;2;0;5;0;0;0;0;0
06-02-2021;2;0;6;0;0;2;0;0
07-02-2021;2;0;7;0;0;2;0;0
08-02-2021;2;0;1;0;0;0;0;0
09-02-2021;2;0;2;0;0;0;0;0
10-02-2021;2;0;3;0;0;0;0;0
11-02-2021;2;0;4;0;0;0;0;0
12-02-2021;2;0;5;0;0;0;0;0
13-02-2021;2;0;6;0;0;2;0;0
14-02-2021;2;0;7;0;0;2;0;0
15-02-2021;2;0;1;0;0;0;0;0
16-02-2021;2;0;2;0;0;0;0;0
17-02-2021;2;0;3;0;0;0;0;0
18-02-2021;2;0;4;0;0;0;0;0
19-02-2021;2;0;5;0;0;0;0;0
20-02-2021;2;0;6;0;0;2;0;0
21-02-2021;2;0;7;0;0;2;0;0
22-02-2021;2;0;1;0;0;0;0;0
23-02-2021;2;0;2;0;0;0;0;0
24-02-2021;2;0;3;0;0;0;0;0
25-02-2021;2;0;4;0;0;0;0;0
26-02-2021;2;0;5;0;0;0;0;0
27-02-2021;2;0;6;0;0;2;0;0
28-02-2021;2;0;7;0;0;2;0;0
01-03-2021;3;0;1;0;0;0;0;0
02-03-2021;3;0;2;0;0;0;0;0
03-03-2021;3;0;3;0;0;0;0;0
04-03-2021;3;0;4;0;0;0;0;0
05-03-2021;3;0;5;0;0;0;0;0
06-03-2021;3;0;6;0;0;2;0;0
07-03-2021;3;0;7;0;0;2;0;0
08-03-2021;3;0;1;0;0;0;0;0
09-03-2021;3;0;2;0;0;0;0;0
10-03-2021;3;0;3;0;0;0;0;0
11-03-2021;3;0;4;0;0;0;0;0
12-03-2021;3;0;5;0;0;0;0;0
13-03-2021;3;0;6;0;0;2;0;0
14-03-2021;3;0;7;0;0;2;0;0
15-03-2021;3;0;1;0;0;0;0;0
16-03-2021;3;0;2;0;0;0;0;0
17-03-2021;3;0;3;0;0;0;0;0
18-03-2021;3;0;4;0;0;0;0;0
19-03-2021;3;0;5;0;0;0;0;0
20-03-2021;3;0;6;0;0;2;0;0
21-03-2021;3;0;7;0;0;2;0;0
22-03-2021;3;0;1;0;0;0;0;0
23-03-2021;3;0;2;0;0;0;0;0
24-03-2021;3;0;3;0;0;0;0;0
25-03-2021;3;0;4;0;0;0;0;0
26-03-2021;3;0;5;0;0;0;0;0
27-03-2021;3;0;6;0;0;2;0;0
28-03-2021;3;0;7;0;0;2;0;0
29-03-2021;3;0;1;0;0;0;0;0
30-03-2021;3;0;2;0;0;0;0;0
31-03-2021;3;0;3;0;0;0;0;0
01-04-2021;4;0;4;1;0;0;3;0
02-04-2021;4;1;5;1;0;3;0;0
03-04-2021;4;1;6;0;0;3;0;0
04-04-2021;4;0;7;0;0;3;0;0
05-04-2021;4;0;1;0;0;0;0;1
06-04-2021;4;0;2;0;0;0;0;2
07-04-2021;4;0;3;0;0;0;0;0
08-04-2021;4;0;4;0;0;0;0;0
09-04-2021;4;0;5;0;0;0;0;0
10-04-2021;4;0;6;0;0;2;0;0
11-04-2021;4;0;7;0;0;2;0;0
12-04-2021;4;0;1;0;0;0;0;0
13-04-2021;4;0;2;0;0;0;0;0
14-04-2021;4;0;3;0;0;0;0;0
15-04-2021;4;0;4;0;0;0;0;0
16-04-2021;4;0;5;0;0;0;0;0
17-04-2021;4;0;6;0;0;2;0;0
18-04-2021;4;0;7;0;0;2;0;0
19-04-2021;4;0;1;0;0;0;0;0
20-04-2021;4;0;2;0;0;0;0;0
21-04-2021;4;0;3;0;0;0;0;0
22-04-2021;4;0;4;0;0;0;0;0
23-04-2021;4;0;5;0;0;0;0;0
24-04-2021;4;0;6;0;0;2;0;0
25-04-2021;4;0;7;0;0;2;0;0
26-04-2021;4;0;1;0;0;0;0;0
27-04-2021;4;0;2;0;0;0;0;0
28-04-2021;4;0;3;0;0;0;0;0
29-04-2021;4;0;4;0;0;0;0;0
30-04-2021;4;0;5;1;0;0;0;0
01-05-2021;5;1;6;0;0;2;0;0
02-05-2021;5;0;7;0;0;2;0;0
03-05-2021;5;0;1;0;0;0;0;0
04-05-2021;5;0;2;0;0;0;0;0
05-05-2021;5;0;3;0;0;0;0;0
06-05-2021;5;0;4;0;0;0;0;0
07-05-2021;5;0;5;0;0;0;0;0
08-05-2021;5;0;6;0;0;2;0;0
09-05-2021;5;0;7;0;0;2;0;0
10-05-2021;5;0;1;0;0;0;0;0
11-05-2021;5;0;2;0;0;0;0;0
12-05-2021;5;0;3;0;0;0;0;0
13-05-2021;5;0;4;0;0;0;0;0
14-05-2021;5;0;5;1;0;0;0;0
15-05-2021;5;1;6;1;0;2;0;0
16-05-2021;5;1;7;0;0;2;0;0
17-05-2021;5;0;1;0;0;0;0;0
18-05-2021;5;0;2;0;0;0;0;0
19-05-2021;5;0;3;0;0;0;0;0
20-05-2021;5;0;4;1;0;0;3;0
21-05-2021;5;1;5;0;0;3;0;0
22-05-2021;5;0;6;0;0;3;0;0
23-05-2021;5;0;7;0;0;3;0;0
24-05-2021;5;0;1;0;0;0;0;1
25-05-2021;5;0;2;0;0;0;0;2
26-05-2021;5;0;3;0;0;0;0;0
27-05-2021;5;0;4;0;0;0;0;0
28-05-2021;5;0;5;0;0;0;0;0
29-05-2021;5;0;6;0;0;2;0;0
30-05-2021;5;0;7;0;0;2;0;0
31-05-2021;5;0;1;0;0;0;0;0
01-06-2021;6;0;2;0;0;0;0;0
02-06-2021;6;0;3;0;0;0;0;0
03-06-2021;6;0;4;0;0;0;0;0
04-06-2021;6;0;5;0;0;0;0;0
05-06-2021;6;0;6;0;0;2;0;0
06-06-2021;6;0;7;0;0;2;0;0
07-06-2021;6;0;1;0;0;0;0;0
08-06-2021;6;0;2;0;0;0;0;0
09-06-2021;6;0;3;0;0;0;0;0
10-06-2021;6;0;4;0;0;0;0;0
11-06-2021;6;0;5;0;0;0;0;0
12-06-2021;6;0;6;1;0;2;0;0
13-06-2021;6;1;7;0;0;2;0;0
14-06-2021;6;0;1;0;0;0;0;0
15-06-2021;6;0;2;0;0;0;0;0
16-06-2021;6;0;3;0;0;0;0;0
17-06-2021;6;0;4;0;0;0;0;0
18-06-2021;6;0;5;0;0;0;3;0
19-06-2021;6;0;6;0;0;3;0;0
20-06-2021;6;0;7;1;0;3;0;0
21-06-2021;6;1;1;0;0;3;0;0
22-06-2021;6;0;2;0;0;0;0;1
23-06-2021;6;0;3;0;0;0;0;2
24-06-2021;6;0;4;0;0;0;0;0
25-06-2021;6;0;5;0;0;0;3;0
26-06-2021;6;0;6;0;0;3;0;0
27-06-2021;6;0;7;1;0;3;0;0
28-06-2021;6;1;1;0;0;3;0;0
29-06-2021;6;0;2;0;0;0;0;1
30-06-2021;6;0;3;0;0;0;0;2
01-07-2021;7;0;4;0;0;0;0;0
02-07-2021;7;0;5;0;0;0;0;0
03-07-2021;7;0;6;0;0;2;0;0
04-07-2021;7;0;7;0;0;2;0;0
05-07-2021;7;0;1;0;0;0;0;0
06-07-2021;7;0;2;0;0;0;0;0
07-07-2021;7;0;3;0;0;0;0;0
08-07-2021;7;0;4;0;0;0;0;0
09-07-2021;7;0;5;0;0;0;0;0
10-07-2021;7;0;6;0;0;2;0;0
11-07-2021;7;0;7;0;0;2;0;0
12-07-2021;7;0;1;0;0;0;0;0
13-07-2021;7;0;2;0;0;0;0;0
14-07-2021;7;0;3;0;0;0;0;0
15-07-2021;7;0;4;1;0;0;3;0
16-07-2021;7;1;5;0;0;3;0;0
17-07-2021;7;0;6;1;0;3;0;0
18-07-2021;7;1;7;0;0;3;0;0
19-07-2021;7;0;1;0;0;0;0;1
20-07-2021;7;0;2;0;0;0;0;2
21-07-2021;7;0;3;0;0;0;0;0
22-07-2021;7;0;4;0;0;0;0;0
23-07-2021;7;0;5;0;0;0;0;0
24-07-2021;7;0;6;0;0;2;0;0
25-07-2021;7;0;7;0;0;2;0;0
26-07-2021;7;0;1;0;0;0;0;0
27-07-2021;7;0;2;0;0;0;0;0
28-07-2021;7;0;3;0;0;0;0;0
29-07-2021;7;0;4;0;0;0;0;0
30-07-2021;7;0;5;0;0;0;0;0
31-07-2021;7;0;6;0;0;2;0;0
01-08-2021;8;0;7;0;0;2;0;0
02-08-2021;8;0;1;0;0;0;0;0
03-08-2021;8;0;2;0;0;0;0;0
04-08-2021;8;0;3;0;0;0;0;0
05-08-2021;8;0;4;0;0;0;0;0
06-08-2021;8;0;5;0;0;0;0;0
07-08-2021;8;0;6;0;0;2;0;0
08-08-2021;8;0;7;0;0;2;0;0
09-08-2021;8;0;1;0;0;0;0;0
10-08-2021;8;0;2;0;0;0;0;0
11-08-2021;8;0;3;0;0;0;0;0
12-08-2021;8;0;4;0;0;0;0;0
13-08-2021;8;0;5;0;0;0;0;0
14-08-2021;8;0;6;1;0;2;0;0
15-08-2021;8;1;7;0;0;2;0;0
16-08-2021;8;0;1;0;0;0;0;0
17-08-2021;8;0;2;0;0;0;0;0
18-08-2021;8;0;3;0;0;0;0;0
19-08-2021;8;0;4;0;0;0;0;0
20-08-2021;8;0;5;0;0;0;0;0
21-08-2021;8;0;6;0;0;2;0;0
22-08-2021;8;0;7;0;0;2;0;0
23-08-2021;8;0;1;0;0;0;0;0
24-08-2021;8;0;2;0;0;0;0;0
25-08-2021;8;0;3;0;0;0;0;0
26-08-2021;8;0;4;0;0;0;0;0
27-08-2021;8;0;5;0;0;0;0;0
28-08-2021;8;0;6;0;0;2;0;0
29-08-2021;8;0;7;0;0;2;0;0
30-08-2021;8;0;1;0;0;0;0;0
31-08-2021;8;0;2;0;0;0;0;0
01-09-2021;9;0;3;0;0;0;0;0
02-09-2021;9;0;4;0;0;0;0;0
03-09-2021;9;0;5;0;0;0;0;0
04-09-2021;9;0;6;0;0;2;0;0
05-09-2021;9;0;7;0;0;2;0;0
06-09-2021;9;0;1;0;0;0;0;0
07-09-2021;9;0;2;0;0;0;0;0
08-09-2021;9;0;3;0;0;0;0;0
09-09-2021;9;0;4;0;0;0;0;0
10-09-2021;9;0;5;0;0;0;0;0
11-09-2021;9;0;6;0;0;2;0;0
12-09-2021;9;0;7;0;0;2;0;0
13-09-2021;9;0;1;0;0;0;0;0
14-09-2021;9;0;2;0;0;0;0;0
15-09-2021;9;0;3;0;0;0;0;0
16-09-2021;9;0;4;1;0;0;3;0
17-09-2021;9;1;5;1;0;3;0;0
18-09-2021;9;1;6;1;0;3;0;0
19-09-2021;9;1;7;0;0;3;0;0
20-09-2021;9;0;1;0;0;0;0;1
21-09-2021;9;0;2;0;0;0;0;2
22-09-2021;9;0;3;0;0;0;0;0
23-09-2021;9;0;4;0;0;0;0;0
24-09-2021;9;0;5;0;0;0;0;0
25-09-2021;9;0;6;0;0;2;0;0
26-09-2021;9;0;7;0;0;2;0;0
27-09-2021;9;0;1;0;0;0;0;0
28-09-2021;9;0;2;0;0;0;0;0
29-09-2021;9;0;3;0;0;0;0;0
30-09-2021;9;0;4;0;0;0;0;0
01-10-2021;10;0;5;0;0;0;0;0
02-10-2021;10;0;6;0;0;2;0;0
03-10-2021;10;0;7;0;0;2;0;0
04-10-2021;10;0;1;0;0;0;0;0
05-10-2021;10;0;2;0;0;0;0;0
06-10-2021;10;0;3;0;0;0;0;0
07-10-2021;10;0;4;0;0;0;0;0
08-10-2021;10;0;5;0;0;0;3;0
09-10-2021;10;0;6;0;0;3;0;0
10-10-2021;10;0;7;1;0;3;0;0
11-10-2021;10;1;1;0;0;3;0;0
12-10-2021;10;0;2;0;0;0;0;1
13-10-2021;10;0;3;0;0;0;0;2
14-10-2021;10;0;4;0;0;0;0;0
15-10-2021;10;0;5;0;0;0;0;0
16-10-2021;10;0;6;0;0;2;0;0
17-10-2021;10;0;7;0;0;2;0;0
18-10-2021;10;0;1;0;0;0;0;0
19-10-2021;10;0;2;0;0;0;0;0
20-10-2021;10;0;3;0;0;0;0;0
21-10-2021;10;0;4;0;0;0;0;0
22-10-2021;10;0;5;0;0;0;0;0
23-10-2021;10;0;6;0;0;2;0;0
24-10-2021;10;0;7;0;0;2;0;0
25-10-2021;10;0;1;0;0;0;0;0
26-10-2021;10;0;2;0;0;0;0;0
27-10-2021;10;0;3;0;0;0;0;0
28-10-2021;10;0;4;0;0;0;0;0
29-10-2021;10;0;5;0;0;0;3;0
30-10-2021;10;0;6;1;0;3;0;0
31-10-2021;10;1;7;1;0;3;0;0
01-11-2021;11;1;1;0;0;3;0;0
02-11-2021;11;0;2;0;0;0;0;1
03-11-2021;11;0;3;0;0;0;0;2
04-11-2021;11;0;4;0;0;0;0;0
05-11-2021;11;0;5;0;0;0;0;0
06-11-2021;11;0;6;0;0;2;0;0
07-11-2021;11;0;7;0;0;2;0;0
08-11-2021;11;0;1;0;0;0;0;0
09-11-2021;11;0;2;0;0;0;0;0
10-11-2021;11;0;3;0;0;0;0;0
11-11-2021;11;0;4;0;0;0;0;0
12-11-2021;11;0;5;0;0;0;0;0
13-11-2021;11;0;6;0;0;2;0;0
14-11-2021;11;0;7;0;0;2;0;0
15-11-2021;11;0;1;0;0;0;0;0
16-11-2021;11;0;2;0;0;0;0;0
17-11-2021;11;0;3;0;0;0;0;0
18-11-2021;11;0;4;0;0;0;0;0
19-11-2021;11;0;5;0;0;0;0;0
20-11-2021;11;0;6;1;0;2;0;0
21-11-2021;11;1;7;0;0;2;0;0
22-11-2021;11;0;1;0;0;0;0;0
23-11-2021;11;0;2;0;0;0;0;0
24-11-2021;11;0;3;0;0;0;0;0
25-11-2021;11;0;4;0;0;0;0;0
26-11-2021;11;0;5;0;0;0;0;0
27-11-2021;11;0;6;0;0;2;0;0
28-11-2021;11;0;7;0;0;2;0;0
29-11-2021;11;0;1;0;0;0;0;0
30-11-2021;11;0;2;0;0;0;0;0
01-12-2021;12;0;3;0;0;0;0;0
02-12-2021;12;0;4;0;0;0;0;0
03-12-2021;12;0;5;0;0;0;0;0
04-12-2021;12;0;6;0;0;2;0;0
05-12-2021;12;0;7;0;0;2;0;0
06-12-2021;12;0;1;0;0;0;0;0
07-12-2021;12;0;2;1;0;0;0;0
08-12-2021;12;1;3;0;0;1;0;0
09-12-2021;12;0;4;0;0;0;0;0
10-12-2021;12;0;5;0;0;0;0;0
11-12-2021;12;0;6;0;0;2;0;0
12-12-2021;12;0;7;0;0;2;0;0
13-12-2021;12;0;1;0;0;0;0;0
14-12-2021;12;0;2;0;0;0;0;0
15-12-2021;12;0;3;0;0;0;0;0
16-12-2021;12;0;4;0;0;0;0;0
17-12-2021;12;0;5;0;0;0;0;0
18-12-2021;12;0;6;1;0;2;0;0
19-12-2021;12;1;7;0;0;2;0;0
20-12-2021;12;0;1;0;0;0;0;0
21-12-2021;12;0;2;0;0;0;0;0
22-12-2021;12;0;3;0;0;0;0;0
23-12-2021;12;0;4;0;0;0;0;0
24-12-2021;12;0;5;1;0;0;0;0
25-12-2021;12;1;6;0;0;2;0;0
26-12-2021;12;0;7;0;0;2;0;0
27-12-2021;12;0;1;0;0;0;0;0
28-12-2021;12;0;2;0;0;0;0;0
29-12-2021;12;0;3;0;0;0;0;0
30-12-2021;12;0;4;0;0;0;0;0
31-12-2021;12;0;5;1;0;0;0;0
01-01-2022;1;1;6;0;0;2;0;0
02-01-2022;1;0;7;0;0;2;0;0
03-01-2022;1;0;1;0;0;0;0;0
04-01-2022;1;0;2;0;0;0;0;0
05-01-2022;1;0;3;0;0;0;0;0
06-01-2022;1;0;4;0;0;0;0;0
07-01-2022;1;0;5;0;0;0;0;0
08-01-2022;1;0;6;0;0;2;0;0
09-01-2022;1;0;7;0;0;2;0;0
10-01-2022;1;0;1;0;0;0;0;0
11-01-2022;1;0;2;0;0;0;0;0
12-01-2022;1;0;3;0;0;0;0;0
13-01-2022;1;0;4;0;0;0;0;0
14-01-2022;1;0;5;0;0;0;0;0
15-01-2022;1;0;6;0;0;2;0;0
16-01-2022;1;0;7;0;0;2;0;0
17-01-2022;1;0;1;0;0;0;0;0
18-01-2022;1;0;2;0;0;0;0;0
19-01-2022;1;0;3;0;0;0;0;0
20-01-2022;1;0;4;0;0;0;0;0
21-01-2022;1;0;5;0;0;0;0;0
22-01-2022;1;0;6;0;0;2;0;0
23-01-2022;1;0;7;0;0;2;0;0
24-01-2022;1;0;1;0;0;0;0;0
25-01-2022;1;0;2;0;0;0;0;0
26-01-2022;1;0;3;0;0;0;0;0
27-01-2022;1;0;4;0;0;0;0;0
28-01-2022;1;0;5;0;0;0;0;0
29-01-2022;1;0;6;0;0;2;0;0
30-01-2022;1;0;7;0;0;2;0;0
31-01-2022;1;0;1;0;0;0;0;0
01-02-2022;2;0;2;0;0;0;0;0
02-02-2022;2;0;3;0;0;0;0;0
03-02-2022;2;0;4;0;0;0;0;0
04-02-2022;2;0;5;0;0;0;0;0
05-02-2022;2;0;6;0;0;2;0;0
06-02-2022;2;0;7;0;0;2;0;0
07-02-2022;2;0;1;0;0;0;0;0
08-02-2022;2;0;2;0;0;0;0;0
09-02-2022;2;0;3;0;0;0;0;0
10-02-2022;2;0;4;0;0;0;0;0
11-02-2022;2;0;5;0;0;0;0;0
12-02-2022;2;0;6;0;0;2;0;0
13-02-2022;2;0;7;0;0;2;0;0
14-02-2022;2;0;1;0;0;0;0;0
15-02-2022;2;0;2;0;0;0;0;0
16-02-2022;2;0;3;0;0;0;0;0
17-02-2022;2;0;4;0;0;0;0;0
18-02-2022;2;0;5;0;0;0;0;0
19-02-2022;2;0;6;0;0;2;0;0
20-02-2022;2;0;7;0;0;2;0;0
21-02-2022;2;0;1;0;0;0;0;0
22-02-2022;2;0;2;0;0;0;0;0
23-02-2022;2;0;3;0;0;0;0;0
24-02-2022;2;0;4;0;0;0;0;0
25-02-2022;2;0;5;0;0;0;0;0
26-02-2022;2;0;6;0;0;2;0;0
27-02-2022;2;0;7;0;0;2;0;0
28-02-2022;2;0;1;0;0;0;0;0
01-03-2022;3;0;2;0;0;0;0;0
02-03-2022;3;0;3;0;0;0;0;0
03-03-2022;3;0;4;0;0;0;0;0
04-03-2022;3;0;5;0;0;0;0;0
05-03-2022;3;0;6;0;0;2;0;0
06-03-2022;3;0;7;0;0;2;0;0
07-03-2022;3;0;1;0;0;0;0;0
08-03-2022;3;0;2;0;0;0;0;0
09-03-2022;3;0;3;0;0;0;0;0
10-03-2022;3;0;4;0;0;0;0;0
11-03-2022;3;0;5;0;0;0;0;0
12-03-2022;3;0;6;0;0;2;0;0
13-03-2022;3;0;7;0;0;2;0;0
14-03-2022;3;0;1;0;0;0;0;0
15-03-2022;3;0;2;0;0;0;0;0
16-03-2022;3;0;3;0;0;0;0;0
17-03-2022;3;0;4;0;0;0;0;0
18-03-2022;3;0;5;0;0;0;0;0
19-03-2022;3;0;6;0;0;2;0;0
20-03-2022;3;0;7;0;0;2;0;0
21-03-2022;3;0;1;0;0;0;0;0
22-03-2022;3;0;2;0;0;0;0;0
23-03-2022;3;0;3;0;0;0;0;0
24-03-2022;3;0;4;0;0;0;0;0
25-03-2022;3;0;5;0;0;0;0;0
26-03-2022;3;0;6;0;0;2;0;0
27-03-2022;3;0;7;0;0;2;0;0
28-03-2022;3;0;1;0;0;0;0;0
29-03-2022;3;0;2;0;0;0;0;0
30-03-2022;3;0;3;0;0;0;0;0
31-03-2022;3;0;4;0;0;0;0;0
01-04-2022;4;0;5;1;0;0;0;0
02-04-2022;4;1;6;1;0;2;0;0
03-04-2022;4;1;7;0;0;2;0;0
04-04-2022;4;0;1;0;0;0;0;0
05-04-2022;4;0;2;0;0;0;0;0
06-04-2022;4;0;3;0;0;0;0;0
07-04-2022;4;0;4;0;0;0;0;0
08-04-2022;4;0;5;0;0;0;0;0
09-04-2022;4;0;6;0;0;2;0;0
10-04-2022;4;0;7;0;0;2;0;0
11-04-2022;4;0;1;0;0;0;0;0
12-04-2022;4;0;2;0;0;0;0;0
13-04-2022;4;0;3;0;0;0;0;0
14-04-2022;4;0;4;0;0;0;0;0
15-04-2022;4;0;5;0;0;0;0;0
16-04-2022;4;0;6;0;0;2;0;0
17-04-2022;4;0;7;0;0;2;0;0
18-04-2022;4;0;1;0;0;0;0;0
19-04-2022;4;0;2;0;0;0;0;0
20-04-2022;4;0;3;0;0;0;0;0
21-04-2022;4;0;4;0;0;0;0;0
22-04-2022;4;0;5;0;0;0;0;0
23-04-2022;4;0;6;0;0;2;0;0
24-04-2022;4;0;7;0;0;2;0;0
25-04-2022;4;0;1;0;0;0;0;0
26-04-2022;4;0;2;0;0;0;0;0
27-04-2022;4;0;3;0;0;0;0;0
28-04-2022;4;0;4;0;0;0;0;0
29-04-2022;4;0;5;0;0;0;0;0
30-04-2022;4;0;6;1;0;2;0;0
01-05-2022;5;1;7;0;0;2;0;0
02-05-2022;5;0;1;0;0;0;0;0
03-05-2022;5;0;2;0;0;0;0;0
04-05-2022;5;0;3;0;0;0;0;0
05-05-2022;5;0;4;0;0;0;0;0
06-05-2022;5;0;5;0;0;0;0;0
07-05-2022;5;0;6;0;0;2;0;0
08-05-2022;5;0;7;0;0;2;0;0
09-05-2022;5;0;1;0;0;0;0;0
10-05-2022;5;0;2;0;0;0;0;0
11-05-2022;5;0;3;0;0;0;0;0
12-05-2022;5;0;4;0;0;0;0;0
13-05-2022;5;0;5;0;0;0;0;0
14-05-2022;5;0;6;0;0;2;0;0
15-05-2022;5;0;7;0;0;2;0;0
16-05-2022;5;0;1;0;0;0;0;0
17-05-2022;5;0;2;0;0;0;0;0
18-05-2022;5;0;3;0;0;0;0;0
19-05-2022;5;0;4;0;0;0;0;0
20-05-2022;5;0;5;1;0;0;0;0
21-05-2022;5;1;6;0;0;2;0;0
22-05-2022;5;0;7;0;0;2;0;0
23-05-2022;5;0;1;0;0;0;0;0
24-05-2022;5;0;2;0;0;0;0;0
25-05-2022;5;0;3;0;0;0;0;0
26-05-2022;5;0;4;0;0;0;0;0
27-05-2022;5;0;5;0;0;0;0;0
28-05-2022;5;0;6;0;0;2;0;0
29-05-2022;5;0;7;0;0;2;0;0
30-05-2022;5;0;1;0;0;0;0;0
31-05-2022;5;0;2;0;0;0;0;0
01-06-2022;6;0;3;0;0;0;0;0
02-06-2022;6;0;4;0;0;0;0;0
03-06-2022;6;0;5;0;0;0;0;0
04-06-2022;6;0;6;0;0;2;0;0
05-06-2022;6;0;7;0;0;2;0;0
06-06-2022;6;0;1;0;0;0;0;0
07-06-2022;6;0;2;0;0;0;0;0
08-06-2022;6;0;3;0;0;0;0;0
09-06-2022;6;0;4;0;0;0;0;0
10-06-2022;6;0;5;0;0;0;0;0
11-06-2022;6;0;6;0;0;2;0;0
12-06-2022;6;0;7;0;0;2;0;0
13-06-2022;6;0;1;0;0;0;0;0
14-06-2022;6;0;2;0;0;0;0;0
15-06-2022;6;0;3;0;0;0;0;0
16-06-2022;6;0;4;0;0;0;0;0
17-06-2022;6;0;5;0;0;0;4;0
18-06-2022;6;0;6;0;0;4;0;0
19-06-2022;6;0;7;0;0;4;0;0
20-06-2022;6;0;1;1;1;4;0;0
21-06-2022;6;1;2;0;0;4;0;0
22-06-2022;6;0;3;0;0;0;0;1
23-06-2022;6;0;4;0;0;0;0;2
24-06-2022;6;0;5;0;0;0;4;0
25-06-2022;6;0;6;0;0;4;0;0
26-06-2022;6;0;7;0;0;4;0;0
27-06-2022;6;0;1;1;1;4;0;0
28-06-2022;6;1;2;0;0;4;0;0
29-06-2022;6;0;3;0;0;0;0;1
30-06-2022;6;0;4;0;0;0;0;2
01-07-2022;7;0;5;0;0;0;0;0
02-07-2022;7;0;6;0;0;2;0;0
03-07-2022;7;0;7;0;0;2;0;0
04-07-2022;7;0;1;0;0;0;0;0
05-07-2022;7;0;2;0;0;0;0;0
06-07-2022;7;0;3;0;0;0;0;0
07-07-2022;7;0;4;0;0;0;0;0
08-07-2022;7;0;5;0;0;0;0;0
09-07-2022;7;0;6;0;0;2;0;0
10-07-2022;7;0;7;0;0;2;0;0
11-07-2022;7;0;1;0;0;0;0;0
12-07-2022;7;0;2;0;0;0;0;0
13-07-2022;7;0;3;0;0;0;0;0
14-07-2022;7;0;4;0;0;0;0;0
15-07-2022;7;0;5;1;0;0;0;0
16-07-2022;7;1;6;0;0;2;0;0
17-07-2022;7;0;7;0;0;2;0;0
18-07-2022;7;0;1;0;0;0;0;0
19-07-2022;7;0;2;0;0;0;0;0
20-07-2022;7;0;3;0;0;0;0;0
21-07-2022;7;0;4;0;0;0;0;0
22-07-2022;7;0;5;0;0;0;0;0
23-07-2022;7;0;6;0;0;2;0;0
24-07-2022;7;0;7;0;0;2;0;0
25-07-2022;7;0;1;0;0;0;0;0
26-07-2022;7;0;2;0;0;0;0;0
27-07-2022;7;0;3;0;0;0;0;0
28-07-2022;7;0;4;0;0;0;0;0
29-07-2022;7;0;5;0;0;0;0;0
30-07-2022;7;0;6;0;0;2;0;0
31-07-2022;7;0;7;0;0;2;0;0
01-08-2022;8;0;1;0;0;0;0;0
02-08-2022;8;0;2;0;0;0;0;0
03-08-2022;8;0;3;0;0;0;0;0
04-08-2022;8;0;4;0;0;0;0;0
05-08-2022;8;0;5;0;0;0;0;0
06-08-2022;8;0;6;0;0;2;0;0
07-08-2022;8;0;7;0;0;2;0;0
08-08-2022;8;0;1;0;0;0;0;0
09-08-2022;8;0;2;0;0;0;0;0
10-08-2022;8;0;3;0;0;0;0;0
11-08-2022;8;0;4;0;0;0;0;0
12-08-2022;8;0;5;0;0;0;3;0
13-08-2022;8;0;6;0;0;3;0;0
14-08-2022;8;0;7;1;0;3;0;0
15-08-2022;8;1;1;0;0;3;0;0
16-08-2022;8;0;2;0;0;0;0;1
17-08-2022;8;0;3;0;0;0;0;2
18-08-2022;8;0;4;0;0;0;0;0
19-08-2022;8;0;5;0;0;0;0;0
20-08-2022;8;0;6;0;0;2;0;0
21-08-2022;8;0;7;0;0;2;0;0
22-08-2022;8;0;1;0;0;0;0;0
23-08-2022;8;0;2;0;0;0;0;0
24-08-2022;8;0;3;0;0;0;0;0
25-08-2022;8;0;4;0;0;0;0;0
26-08-2022;8;0;5;0;0;0;0;0
27-08-2022;8;0;6;0;0;2;0;0
28-08-2022;8;0;7;0;0;2;0;0
29-08-2022;8;0;1;0;0;0;0;0
30-08-2022;8;0;2;0;0;0;0;0
31-08-2022;8;0;3;0;0;0;0;0
01-09-2022;9;0;4;0;0;0;0;0
02-09-2022;9;0;5;0;0;0;0;0
03-09-2022;9;0;6;0;0;2;0;0
04-09-2022;9;0;7;0;0;2;0;0
05-09-2022;9;0;1;0;0;0;0;0
06-09-2022;9;0;2;0;0;0;0;0
07-09-2022;9;0;3;0;0;0;0;0
08-09-2022;9;0;4;0;0;0;0;0
09-09-2022;9;0;5;0;0;0;0;0
10-09-2022;9;0;6;0;0;2;0;0
11-09-2022;9;0;7;0;0;2;0;0
12-09-2022;9;0;1;0;0;0;0;0
13-09-2022;9;0;2;0;0;0;0;0
14-09-2022;9;0;3;0;0;0;0;0
15-09-2022;9;0;4;0;0;0;0;0
16-09-2022;9;0;5;1;0;0;3;0
17-09-2022;9;1;6;1;0;3;0;0
18-09-2022;9;1;7;1;0;3;0;0
19-09-2022;9;1;1;0;0;3;0;0
20-09-2022;9;0;2;0;0;0;0;1
21-09-2022;9;0;3;0;0;0;0;2
22-09-2022;9;0;4;0;0;0;0;0
23-09-2022;9;0;5;0;0;0;0;0
24-09-2022;9;0;6;0;0;2;0;0
25-09-2022;9;0;7;0;0;2;0;0
26-09-2022;9;0;1;0;0;0;0;0
27-09-2022;9;0;2;0;0;0;0;0
28-09-2022;9;0;3;0;0;0;0;0
29-09-2022;9;0;4;0;0;0;0;0
30-09-2022;9;0;5;0;0;0;0;0
01-10-2022;10;0;6;0;0;2;0;0
02-10-2022;10;0;7;0;0;2;0;0
03-10-2022;10;0;1;0;0;0;0;0
04-10-2022;10;0;2;0;0;0;0;0
05-10-2022;10;0;3;0;0;0;0;0
06-10-2022;10;0;4;0;0;0;0;0
07-10-2022;10;0;5;0;0;0;4;0
08-10-2022;10;0;6;0;0;4;0;0
09-10-2022;10;0;7;0;0;4;0;0
10-10-2022;10;0;1;1;1;4;0;0
11-10-2022;10;1;2;0;0;4;0;0
12-10-2022;10;0;3;0;0;0;0;1
13-10-2022;10;0;4;0;0;0;0;2
14-10-2022;10;0;5;0;0;0;0;0
15-10-2022;10;0;6;0;0;2;0;0
16-10-2022;10;0;7;0;0;2;0;0
17-10-2022;10;0;1;0;0;0;0;0
18-10-2022;10;0;2;0;0;0;0;0
19-10-2022;10;0;3;0;0;0;0;0
20-10-2022;10;0;4;0;0;0;0;0
21-10-2022;10;0;5;0;0;0;0;0
22-10-2022;10;0;6;0;0;2;0;0
23-10-2022;10;0;7;0;0;2;0;0
24-10-2022;10;0;1;0;0;0;0;0
25-10-2022;10;0;2;0;0;0;0;0
26-10-2022;10;0;3;0;0;0;0;0
27-10-2022;10;0;4;0;0;0;0;0
28-10-2022;10;0;5;0;0;0;4;0
29-10-2022;10;0;6;0;0;4;0;0
30-10-2022;10;0;7;1;0;4;0;0
31-10-2022;10;1;1;1;1;4;0;0
01-11-2022;11;1;2;0;0;4;0;0
02-11-2022;11;0;3;0;0;0;0;1
03-11-2022;11;0;4;0;0;0;0;2
04-11-2022;11;0;5;0;0;0;0;0
05-11-2022;11;0;6;0;0;2;0;0
06-11-2022;11;0;7;0;0;2;0;0
07-11-2022;11;0;1;0;0;0;0;0
08-11-2022;11;0;2;0;0;0;0;0
09-11-2022;11;0;3;0;0;0;0;0
10-11-2022;11;0;4;0;0;0;0;0
11-11-2022;11;0;5;0;0;0;0;0
12-11-2022;11;0;6;0;0;2;0;0
13-11-2022;11;0;7;0;0;2;0;0
14-11-2022;11;0;1;0;0;0;0;0
15-11-2022;11;0;2;0;0;0;0;0
16-11-2022;11;0;3;0;0;0;0;0
17-11-2022;11;0;4;0;0;0;0;0
18-11-2022;11;0;5;0;0;0;0;0
19-11-2022;11;0;6;0;0;2;0;0
20-11-2022;11;0;7;0;0;2;0;0
21-11-2022;11;0;1;0;0;0;0;0
22-11-2022;11;0;2;0;0;0;0;0
23-11-2022;11;0;3;0;0;0;0;0
24-11-2022;11;0;4;0;0;0;0;0
25-11-2022;11;0;5;0;0;0;0;0
26-11-2022;11;0;6;0;0;2;0;0
27-11-2022;11;0;7;0;0;2;0;0
28-11-2022;11;0;1;0;0;0;0;0
29-11-2022;11;0;2;0;0;0;0;0
30-11-2022;11;0;3;0;0;0;0;0
01-12-2022;12;0;4;0;0;0;0;0
02-12-2022;12;0;5;0;0;0;0;0
03-12-2022;12;0;6;0;0;2;0;0
04-12-2022;12;0;7;0;0;2;0;0
05-12-2022;12;0;1;0;0;0;0;0
06-12-2022;12;0;2;0;0;0;0;0
07-12-2022;12;0;3;1;0;0;4;0
08-12-2022;12;1;4;0;0;4;0;0
09-12-2022;12;0;5;0;1;4;0;0
10-12-2022;12;0;6;0;0;4;0;0
11-12-2022;12;0;7;0;0;4;0;0
12-12-2022;12;0;1;0;0;0;0;1
13-12-2022;12;0;2;0;0;0;0;2
14-12-2022;12;0;3;0;0;0;0;0
15-12-2022;12;0;4;0;0;0;0;0
16-12-2022;12;0;5;0;0;0;0;0
17-12-2022;12;0;6;0;0;2;0;0
18-12-2022;12;0;7;0;0;2;0;0
19-12-2022;12;0;1;0;0;0;0;0
20-12-2022;12;0;2;0;0;0;0;0
21-12-2022;12;0;3;0;0;0;0;0
22-12-2022;12;0;4;0;0;0;0;0
23-12-2022;12;0;5;0;0;0;0;0
24-12-2022;12;0;6;1;0;2;0;0
25-12-2022;12;1;7;0;0;2;0;0
26-12-2022;12;0;1;0;0;0;0;0
27-12-2022;12;0;2;0;0;0;0;0
28-12-2022;12;0;3;0;0;0;0;0
29-12-2022;12;0;4;0;0;0;0;0
30-12-2022;12;0;5;0;0;0;0;0
31-12-2022;12;0;6;0;0;1;0;0
